,0,1,2,3
0,0.0,0.0,0.0,0.0
1,-0.0043256481152822,0.0,-0.0060277475903059,0.0
2,-0.0198471382640601,-0.0043256481152822,-0.0135507098449816,-0.0060277475903059
3,-0.0037712774403553,-0.0198471382640601,-0.0014153505737018,-0.0135507098449816
4,0.025117021991575,-0.0037712774403553,-0.0007787210677262,-0.0014153505737018
5,0.0003570634741787,0.025117021991575,0.017662704961333,-0.0007787210677262
6,-0.0125780944743047,0.0003570634741787,0.0637396926409884,0.017662704961333
7,0.0275796542674853,-0.0125780944743047,0.036196691808345,0.0637396926409884
8,0.0343401887045763,0.0275796542674853,0.0121148980836885,0.036196691808345
9,-0.015666026660808,0.0343401887045763,0.0392519301978217,0.0121148980836885
10,-0.0318558519466927,-0.015666026660808,0.0648194096922967,0.0392519301978217
11,0.0275681054065638,-0.0318558519466927,0.0162763191928158,0.0648194096922967
12,0.0588551787158426,0.0275681054065638,-0.0301855228753187,0.0162763191928158
13,-0.0305896383143639,0.0588551787158426,0.0247172818866437,-0.0301855228753187
14,-0.0501786491593104,-0.0305896383143639,0.0899118923511341,0.0247172818866437
15,0.0480302160954553,-0.0501786491593104,0.0040464782451856,0.0899118923511341
16,0.0769852365761473,0.0480302160954553,-0.0549263505623206,0.0040464782451856
17,-0.0405602241032521,0.0769852365761473,0.051058549207649,-0.0549263505623206
18,-0.0879051623227487,-0.0405602241032521,0.1217369072870917,0.051058549207649
19,0.0580441686530268,-0.0879051623227487,0.030364804302161,0.1217369072870917
20,0.1239323897499149,0.0580441686530268,-0.10705747826498,0.030364804302161
21,-0.060791050942027,0.1239323897499149,-0.003334698449059,-0.10705747826498
22,-0.1810662917486518,-0.060791050942027,0.1414647636706443,-0.003334698449059
23,0.0640818215121374,-0.1810662917486518,0.0138635481980327,0.1414647636706443
24,0.256557189610989,0.0640818215121374,-0.1973301540479712,0.0138635481980327
25,-0.0531011338883818,0.256557189610989,-0.0580688269291868,-0.1973301540479712
26,-0.3327854387319827,-0.0531011338883818,0.2655177450505827,-0.0580688269291868
27,0.0280444764730603,-0.3327854387319827,0.0855274748096817,0.2655177450505827
28,0.4181412369047184,0.0280444764730603,-0.3368102387802581,0.0855274748096817
29,0.0278217085713987,0.4181412369047184,-0.1704900250847163,-0.3368102387802581
30,-0.5384461385690766,0.0278217085713987,0.3979993425971624,-0.1704900250847163
31,-0.1654652471289258,-0.5384461385690766,0.2632051936502942,0.3979993425971624
32,0.6616560297680463,-0.1654652471289258,-0.4046914238538519,0.2632051936502942
33,0.3741543054870043,0.6616560297680463,-0.4496403844191458,-0.4046914238538519
34,-0.6711427696600116,0.3741543054870043,0.471760334637415,-0.4496403844191458
35,-0.5373953943124444,-0.6711427696600116,0.6566114929103285,0.471760334637415
36,0.5200684202634988,-0.5373953943124444,-0.2471898778403168,0.6566114929103285
37,0.6897258225933537,0.5200684202634988,-0.7686466183449284,-0.2471898778403168
38,-0.1878948234600304,0.6897258225933537,0.1741969944814594,-0.7686466183449284
39,-0.8139286155025175,-0.1878948234600304,0.8041230584954521,0.1741969944814594
40,-0.2416109693718584,-0.8139286155025175,0.2883935298916426,0.8041230584954521
41,0.918506931416182,-0.2416109693718584,-0.5830678125998865,0.2883935298916426
42,0.60923942803658,0.918506931416182,-0.6884781343899634,-0.5830678125998865
43,-0.6621964430564202,0.60923942803658,0.5141070646952175,-0.6884781343899634
44,-0.7385810108602519,-0.6621964430564202,0.8862746858668281,0.5141070646952175
45,0.1941372850637995,-0.7385810108602519,-0.0600382703558421,0.8862746858668281
46,0.9100795572836934,0.1941372850637995,-0.7950390767093244,-0.0600382703558421
47,0.3368931944804715,0.9100795572836934,-0.2391977371193791,-0.7950390767093244
48,-0.9625633563811457,0.3368931944804715,0.7595634349476561,-0.2391977371193791
49,-0.753765149590148,-0.9625633563811457,0.8283861368745736,0.7595634349476561
50,0.4408537146074058,-0.753765149590148,-0.2585719071217176,0.8283861368745736
51,0.8731882567232451,0.4408537146074058,-0.9664082734360406,-0.2585719071217176
52,0.17312658675118,0.8731882567232451,-0.0359223814709046,-0.9664082734360406
53,-0.9763106662781148,0.17312658675118,0.8298090246108997,-0.0359223814709046
54,-0.6369847800184848,-0.9763106662781148,0.7019583727017551,0.8298090246108997
55,0.667644369724927,-0.6369847800184848,-0.3763140999660427,0.7019583727017551
56,0.7795693510060299,0.667644369724927,-0.9813908374788723,-0.3763140999660427
57,-0.1181800023753869,0.7795693510060299,0.1797913194374065,-0.9813908374788723
58,-0.918589640383249,-0.1181800023753869,0.8776270734095009,0.1797913194374065
59,-0.4188361469900111,-0.918589640383249,0.4109174048856894,0.8776270734095009
60,0.905569014377759,-0.4188361469900111,-0.5372469892258404,0.4109174048856894
61,0.7173933733776846,0.905569014377759,-0.8296924776763738,-0.5372469892258404
62,-0.4534567942977474,0.7173933733776846,0.4615643799826538,-0.8296924776763738
63,-0.8088256179450745,-0.4534567942977474,0.9374838536909468,0.4615643799826538
64,-0.0878519931610432,-0.8088256179450745,0.1390369290660116,0.9374838536909468
65,0.984886614349747,-0.0878519931610432,-0.703269434455434,0.1390369290660116
66,0.5862237922979792,0.984886614349747,-0.557050291235906,-0.703269434455434
67,-0.7540499227102777,0.5862237922979792,0.6566151622371281,-0.557050291235906
68,-0.7704653694195979,-0.7540499227102777,0.962102789232592,0.6566151622371281
69,0.2097307081208383,-0.7704653694195979,-0.0407451969482259,0.962102789232592
70,0.9561554350878784,0.2097307081208383,-0.8148713948701877,-0.0407451969482259
71,0.385474575027797,0.9561554350878784,-0.2283690987142714,-0.8148713948701877
72,-0.954612053970286,0.385474575027797,0.8065212818243525,-0.2283690987142714
73,-0.7735845309345186,-0.954612053970286,0.9094502376693034,0.8065212818243525
74,0.3774824410121956,-0.7735845309345186,-0.2053287756721036,0.9094502376693034
75,0.8992730146093252,0.3774824410121956,-0.9546701690695756,-0.2053287756721036
76,0.2380233816057692,0.8992730146093252,-0.1031071440076679,-0.9546701690695756
77,-0.9872306994089348,0.2380233816057692,0.8218800664699718,-0.1031071440076679
78,-0.6995354494450714,-0.9872306994089348,0.7533003760972152,0.8218800664699718
79,0.5800431971868161,-0.6995354494450714,-0.3233877745318028,0.7533003760972152
80,0.8279356067300199,0.5800431971868161,-0.9817846181139048,-0.3233877745318028
81,0.0172418179900261,0.8279356067300199,0.1131019031436235,-0.9817846181139048
82,-0.9453466013747068,0.0172418179900261,0.870682181326362,0.1131019031436235
83,-0.5254789396700691,-0.9453466013747068,0.5677182998686826,0.870682181326362
84,0.795914409352416,-0.5254789396700691,-0.4331329689537902,0.5677182998686826
85,0.7384856541035203,0.795914409352416,-0.8814194067889876,-0.4331329689537902
86,-0.3112336391435912,0.7384856541035203,0.3461435112597342,-0.8814194067889876
87,-0.8540922829627582,-0.3112336391435912,0.8863633221555806,0.3461435112597342
88,-0.2214132101068585,-0.8540922829627582,0.2221099731937092,0.8863633221555806
89,0.9914901126385992,-0.2214132101068585,-0.6736830216638156,0.2221099731937092
90,0.6618910695715176,0.9914901126385992,-0.7103862118726466,-0.6736830216638156
91,-0.6323160866725106,0.6618910695715176,0.580052660675335,-0.7103862118726466
92,-0.7941030626436417,-0.6323160866725106,0.9589013678854016,0.580052660675335
93,0.0751810392894857,-0.7941030626436417,0.0118373280097821,0.9589013678854016
94,0.9697838889466962,0.0751810392894857,-0.7771597135613778,0.0118373280097821
95,0.4775423852644424,0.9697838889466962,-0.3776985488481375,-0.7771597135613778
96,-0.8960211739585766,0.4775423852644424,0.7302541701989316,-0.3776985488481375
97,-0.7691450254276524,-0.8960211739585766,0.9206123781017266,0.7302541701989316
98,0.3430166898588617,-0.7691450254276524,-0.1756254981746026,0.9206123781017266
99,0.90744331455544,0.3430166898588617,-0.92398130285922,-0.1756254981746026
100,0.2620943672730837,0.90744331455544,-0.1262106605509773,-0.92398130285922
101,-0.9978827041596222,0.2620943672730837,0.8064899977054999,-0.1262106605509773
102,-0.7446574802127076,-0.9978827041596222,0.787315355441278,0.8064899977054999
103,0.5051258205677154,-0.7446574802127076,-0.315852582860873,0.787315355441278
104,0.862162305569828,0.5051258205677154,-1.007204428998837,-0.315852582860873
105,0.1225540473269729,0.862162305569828,0.0171423262121754,-1.007204428998837
106,-0.977624458401512,0.1225540473269729,0.8605066495374908,0.0171423262121754
107,-0.6306697799662668,-0.977624458401512,0.6811386658764952,0.8605066495374908
108,0.665926256185265,-0.6306697799662668,-0.387037039142389,0.6811386658764952
109,0.7692966551312922,0.665926256185265,-0.954195867973968,-0.387037039142389
110,-0.1468827086694564,0.7692966551312922,0.2026131312831859,-0.954195867973968
111,-0.9064289524493124,-0.1468827086694564,0.8811978412084832,0.2026131312831859
112,-0.3977581170304678,-0.9064289524493124,0.3925292316376995,0.8811978412084832
113,0.9289896028455727,-0.3977581170304678,-0.5386840688734544,0.3925292316376995
114,0.718878057480363,0.9289896028455727,-0.8203278193324282,-0.5386840688734544
115,-0.4823185819137252,0.718878057480363,0.4696024918971422,-0.8203278193324282
116,-0.8239852126340951,-0.4823185819137252,0.9586170842955084,0.4696024918971422
117,-0.0837240282494976,-0.8239852126340951,0.1267416368770242,0.9586170842955084
118,0.9834729934862724,-0.0837240282494976,-0.7159605541251017,0.1267416368770242
119,0.5731465809675831,0.9834729934862724,-0.5557297903067162,-0.7159605541251017
120,-0.7690904623524909,0.5731465809675831,0.6491156106440654,-0.5557297903067162
121,-0.7693701585493594,-0.7690904623524909,0.9343356358207208,0.6491156106440654
122,0.2380639932428663,-0.7693701585493594,-0.0796317591809068,0.9343356358207208
123,0.92663479884915,0.2380639932428663,-0.8470091935487912,-0.0796317591809068
124,0.3319375799319968,0.92663479884915,-0.212654911632187,-0.8470091935487912
125,-0.9726293485813708,0.3319375799319968,0.7827745669250515,-0.212654911632187
126,-0.7539163917985231,-0.9726293485813708,0.7909131706719266,0.7827745669250515
127,0.4458877258815931,-0.7539163917985231,-0.2913897165513623,0.7909131706719266
128,0.8863549624835011,0.4458877258815931,-0.9770584563135302,-0.2913897165513623
129,0.1832874110615508,0.8863549624835011,-0.0311373156482342,-0.9770584563135302
130,-0.9954764455625892,0.1832874110615508,0.812716942324533,-0.0311373156482342
131,-0.664276924368837,-0.9954764455625892,0.6903976894938637,0.812716942324533
132,0.6420965078598155,-0.664276924368837,-0.3796139616444295,0.6903976894938637
133,0.7934089809154452,0.6420965078598155,-0.97003393186667,-0.3796139616444295
134,-0.0732262215902509,0.7934089809154452,0.1654972673831586,-0.97003393186667
135,-0.9178592725184376,-0.0732262215902509,0.8711743183099213,0.1654972673831586
136,-0.4321363789797923,-0.9178592725184376,0.4607452367184253,0.8711743183099213
137,0.9048904417802932,-0.4321363789797923,-0.5131030095953067,0.4607452367184253
138,0.7187864387619171,0.9048904417802932,-0.8577305694781389,-0.5131030095953067
139,-0.4527632493405518,0.7187864387619171,0.4520283654227828,-0.8577305694781389
140,-0.822291660788891,-0.4527632493405518,0.9344579525650532,0.4520283654227828
141,-0.0885374785373923,-0.822291660788891,0.117987338422736,0.9344579525650532
142,0.9818520546563724,-0.0885374785373923,-0.7466265685187521,0.117987338422736
143,0.5887365890311305,0.9818520546563724,-0.5689385192243951,-0.7466265685187521
144,-0.7393109865244137,0.5887365890311305,0.6494258639790838,-0.5689385192243951
145,-0.7771003706944858,-0.7393109865244137,0.9538655193144044,0.6494258639790838
146,0.1822546385706279,-0.7771003706944858,-0.0627276013634746,0.9538655193144044
147,0.9452816717894262,0.1822546385706279,-0.8307979789192561,-0.0627276013634746
148,0.3969672323998954,0.9452816717894262,-0.2738009334375589,-0.8307979789192561
149,-0.9466126672312656,0.3969672323998954,0.7668769367252825,-0.2738009334375589
150,-0.7741673442819669,-0.9466126672312656,0.8802126337982237,0.7668769367252825
151,0.3806507289780981,-0.7741673442819669,-0.219256629788726,0.8802126337982237
152,0.9106707006548984,0.3806507289780981,-0.9573254517970452,-0.219256629788726
153,0.2576586491536458,0.9106707006548984,-0.102710750261516,-0.9573254517970452
154,-0.9922526541033412,0.2576586491536458,0.8380827093943723,-0.102710750261516
155,-0.725176004862973,-0.9922526541033412,0.767309695208515,0.8380827093943723
156,0.5220627690130175,-0.725176004862973,-0.3206488993506353,0.767309695208515
157,0.8480666631637052,0.5220627690130175,-0.9858797082643304,-0.3206488993506353
158,0.0973077778946555,0.8480666631637052,0.041302035565862,-0.9858797082643304
159,-0.973961882187713,0.0973077778946555,0.8330711974149544,0.041302035565862
160,-0.6170821413015845,-0.973961882187713,0.6241267143550733,0.8330711974149544
161,0.705517759240655,-0.6170821413015845,-0.4172811540424245,0.6241267143550733
162,0.7670292169760313,0.705517759240655,-0.9436210779229738,-0.4172811540424245
163,-0.1808056988273859,0.7670292169760313,0.2373030489698186,-0.9436210779229738
164,-0.8938226371727094,-0.1808056988273859,0.8625826486313939,0.2373030489698186
165,-0.3393964134207822,-0.8938226371727094,0.3438706690623812,0.8625826486313939
166,0.9585177365525128,-0.3393964134207822,-0.5839132414088254,0.3438706690623812
167,0.7007012940452775,0.9585177365525128,-0.7985216724944227,-0.5839132414088254
168,-0.5490875294802304,0.7007012940452775,0.5134802496093231,-0.7985216724944227
169,-0.8116458613677631,-0.5490875294802304,0.961595947617859,0.5134802496093231
170,0.0091147712088634,-0.8116458613677631,0.0752016817398951,0.961595947617859
171,1.0102394175610443,0.0091147712088634,-0.7453497056610422,0.0752016817398951
172,0.532923277758987,1.0102394175610443,-0.4444580292338033,-0.7453497056610422
173,-0.8610054657057794,0.532923277758987,0.7120474964805071,-0.4444580292338033
174,-0.8002868937614976,-0.8610054657057794,0.94854635374386,0.7120474964805071
175,0.2432306332206009,-0.8002868937614976,-0.1241888789045084,0.94854635374386
176,0.948548015683092,0.2432306332206009,-0.8983081858181499,-0.1241888789045084
177,0.3754516048528981,0.948548015683092,-0.2416249630768526,-0.8983081858181499
178,-0.9618160339487236,0.3754516048528981,0.7999919944073983,-0.2416249630768526
179,-0.7660502281848404,-0.9618160339487236,0.8759273463804749,0.7999919944073983
180,0.4043865681792026,-0.7660502281848404,-0.2170737487076595,0.8759273463804749
181,0.8993894312338225,0.4043865681792026,-0.9361243728350588,-0.2170737487076595
182,0.2196191026900876,0.8993894312338225,-0.0697749824559607,-0.9361243728350588
183,-0.984558118751192,0.2196191026900876,0.8474087568754035,-0.0697749824559607
184,-0.6745295030003543,-0.984558118751192,0.7557576595461698,0.8474087568754035
185,0.5877614726883019,-0.6745295030003543,-0.3321947047622998,0.7557576595461698
186,0.7976276513465547,0.5877614726883019,-0.9634456124310729,-0.3321947047622998
187,-0.030385847876919,0.7976276513465547,0.1189658104646262,-0.9634456124310729
188,-0.9330082771168436,-0.030385847876919,0.8500074774548069,0.1189658104646262
189,-0.4989111001541153,-0.9330082771168436,0.497622465492506,0.8500074774548069
190,0.8330903824579001,-0.4989111001541153,-0.5013211207710503,0.497622465492506
191,0.7479018385827774,0.8330903824579001,-0.9083356061927016,-0.5013211207710503
192,-0.3152263716987627,0.7479018385827774,0.3758113788626603,-0.9083356061927016
193,-0.8312299459903048,-0.3152263716987627,0.9108856012998364,0.3758113788626603
194,-0.1873079535989491,-0.8312299459903048,0.2452738360492433,0.9108856012998364
195,1.0005613634421364,-0.1873079535989491,-0.6073476408721654,0.2452738360492433
196,0.6369863515339053,1.0005613634421364,-0.6327802155065846,-0.6073476408721654
197,-0.7058350104475067,0.6369863515339053,0.6141617851998078,-0.6327802155065846
198,-0.7981396749751204,-0.7058350104475067,0.9594389361666728,0.6141617851998078
199,0.1448630890387147,-0.7981396749751204,-0.0341176507130916,0.9594389361666728
200,0.9659535226992366,0.1448630890387147,-0.8095381006928606,-0.0341176507130916
201,0.4380683097572871,0.9659535226992366,-0.3029481867196796,-0.8095381006928606
202,-0.9251321973797972,0.4380683097572871,0.7764702226044439,-0.3029481867196796
203,-0.772397952413025,-0.9251321973797972,0.903725442328324,0.7764702226044439
204,0.3495899542619636,-0.772397952413025,-0.1794437744859671,0.903725442328324
205,0.9193166581327544,0.3495899542619636,-0.9221415575321528,-0.1794437744859671
206,0.2537598662714455,0.9193166581327544,-0.123009992072741,-0.9221415575321528
207,-1.0101605988178075,0.2537598662714455,0.8379054429017719,-0.123009992072741
208,-0.7311520175360979,-1.0101605988178075,0.7706161142781403,0.8379054429017719
209,0.5277782484214278,-0.7311520175360979,-0.3314533561527079,0.7706161142781403
210,0.8659507423679812,0.5277782484214278,-0.997581919902557,-0.3314533561527079
211,0.0984018066185045,0.8659507423679812,0.0506379564907648,-0.997581919902557
212,-1.009046966636425,0.0984018066185045,0.8623744951437732,0.0506379564907648
213,-0.6569050911493017,-1.009046966636425,0.6516785234937481,0.8623744951437732
214,0.6797974531768083,-0.6569050911493017,-0.4109956435371407,0.6516785234937481
215,0.8019759651620954,0.6797974531768083,-0.9949791684635724,-0.4109956435371407
216,-0.0925004519807035,0.8019759651620954,0.1907255528063339,-0.9949791684635724
217,-0.9185271943466276,-0.0925004519807035,0.8717069984706588,0.1907255528063339
218,-0.4557079791212152,-0.9185271943466276,0.428411576945928,0.8717069984706588
219,0.8588049231330602,-0.4557079791212152,-0.539042426553366,0.428411576945928
220,0.7082502712261203,0.8588049231330602,-0.8793288329748977,-0.539042426553366
221,-0.420715709589435,0.7082502712261203,0.4237038423672279,-0.8793288329748977
222,-0.8115151546917575,-0.420715709589435,0.9169256134579812,0.4237038423672279
223,-0.0759793830100201,-0.8115151546917575,0.1589666482558195,0.9169256134579812
224,0.9941077927001908,-0.0759793830100201,-0.6907667016296569,0.1589666482558195
225,0.5882184633874481,0.9941077927001908,-0.5332209805364854,-0.6907667016296569
226,-0.7751699431097653,0.5882184633874481,0.6459066589104276,-0.5332209805364854
227,-0.7846079318173869,-0.7751699431097653,0.9621724179067492,0.6459066589104276
228,0.1978078056871266,-0.7846079318173869,-0.0837819810248201,0.9621724179067492
229,0.9574218921021947,0.1978078056871266,-0.8588550913501375,-0.0837819810248201
230,0.3985809203079221,0.9574218921021947,-0.2663479348279953,-0.8588550913501375
231,-0.9429322024969238,0.3985809203079221,0.7803066274401197,-0.2663479348279953
232,-0.7572309601230144,-0.9429322024969238,0.8885331525548905,0.7803066274401197
233,0.4023074491427502,-0.7572309601230144,-0.2137143516110055,0.8885331525548905
234,0.9042721417062192,0.4023074491427502,-0.9291816584266286,-0.2137143516110055
235,0.2443252967312222,0.9042721417062192,-0.0508745419698545,-0.9291816584266286
236,-0.9682575363256524,0.2443252967312222,0.8416163965275565,-0.0508745419698545
237,-0.696817776476133,-0.9682575363256524,0.7666262664247006,0.8416163965275565
238,0.55971269296309,-0.696817776476133,-0.3013478676633813,0.7666262664247006
239,0.8301025777206216,0.55971269296309,-0.9494594529639117,-0.3013478676633813
240,0.0080133161921743,0.8301025777206216,0.0950161833004468,-0.9494594529639117
241,-0.959407000521438,0.0080133161921743,0.8474567698149352,0.0950161833004468
242,-0.5356602251589309,-0.959407000521438,0.5440939586445094,0.8474567698149352
243,0.8046828812259911,-0.5356602251589309,-0.4919560128019909,0.5440939586445094
244,0.7589790290144963,0.8046828812259911,-0.9367830455613062,-0.4919560128019909
245,-0.2557259493250731,0.7589790290144963,0.3389793907351693,-0.9367830455613062
246,-0.8700953100636611,-0.2557259493250731,0.9038864865900376,0.3389793907351693
247,-0.2765796994938709,-0.8700953100636611,0.2842223763560498,0.9038864865900376
248,0.9631005359604392,-0.2765796994938709,-0.623713752310618,0.2842223763560498
249,0.6757084512781242,0.9631005359604392,-0.7444368481994867,-0.623713752310618
250,-0.6070212489124098,0.6757084512781242,0.5585638293102774,-0.7444368481994867
251,-0.7908536037648343,-0.6070212489124098,0.9512499677061642,0.5585638293102774
252,0.0707217309146981,-0.7908536037648343,0.0243851806168827,0.9512499677061642
253,0.977136159692697,0.0707217309146981,-0.7656502801696813,0.0243851806168827
254,0.4929332382533478,0.977136159692697,-0.3766979390932688,-0.7656502801696813
255,-0.8771493499465897,0.4929332382533478,0.728895431408062,-0.3766979390932688
256,-0.7780373597427699,-0.8771493499465897,0.9422991276417976,0.728895431408062
257,0.2893410306720618,-0.7780373597427699,-0.1443596162748849,0.9422991276417976
258,0.9153808418434116,0.2893410306720618,-0.8900880986469574,-0.1443596162748849
259,0.2939640451366417,0.9153808418434116,-0.1708270632785796,-0.8900880986469574
260,-0.9782155550404752,0.2939640451366417,0.7831313460375898,-0.1708270632785796
261,-0.7269511423840873,-0.9782155550404752,0.7752279459330441,0.7831313460375898
262,0.4967364604125261,-0.7269511423840873,-0.3146178937453958,0.7752279459330441
263,0.8598222696370215,0.4967364604125261,-0.9976506666990016,-0.3146178937453958
264,0.1122661243181718,0.8598222696370215,0.0223768958835114,-0.9976506666990016
265,-0.9808005495999726,0.1122661243181718,0.8479858782356378,0.0223768958835114
266,-0.6235764182353267,-0.9808005495999726,0.6528081417725313,0.8479858782356378
267,0.6912642572993833,-0.6235764182353267,-0.4009534581081198,0.6528081417725313
268,0.7825413543912609,0.6912642572993833,-0.9464519226508488,-0.4009534581081198
269,-0.150062114499293,0.7825413543912609,0.2199535749315347,-0.9464519226508488
270,-0.9229655696749824,-0.150062114499293,0.8800865827654611,0.2199535749315347
271,-0.4123620541779724,-0.9229655696749824,0.4004754737340261,0.8800865827654611
272,0.919299433465635,-0.4123620541779724,-0.5616844687503344,0.4004754737340261
273,0.7104322312608319,0.919299433465635,-0.8436535745882948,-0.5616844687503344
274,-0.4719834494301009,0.7104322312608319,0.4524042591098004,-0.8436535745882948
275,-0.82408490224794,-0.4719834494301009,0.9278141029985028,0.4524042591098004
276,-0.0826084747733535,-0.82408490224794,0.0974007556371134,0.9278141029985028
277,0.97870699528529,-0.0826084747733535,-0.74694819358451,0.0974007556371134
278,0.5731040766512718,0.97870699528529,-0.5638358120823203,-0.74694819358451
279,-0.7719544636962014,0.5731040766512718,0.6321788339603356,-0.5638358120823203
280,-0.7706910071181418,-0.7719544636962014,0.9121992349487664,0.6321788339603356
281,0.2492720563774618,-0.7706910071181418,-0.1161084743342918,0.9121992349487664
282,0.9272051244047612,0.2492720563774618,-0.8706528906982298,-0.1161084743342918
283,0.3210827415512094,0.9272051244047612,-0.2227757492634249,-0.8706528906982298
284,-0.9831651682490749,0.3210827415512094,0.787649826608585,-0.2227757492634249
285,-0.7432049813713577,-0.9831651682490749,0.8060355657270172,0.787649826608585
286,0.4839900500858557,-0.7432049813713577,-0.2861554818357255,0.8060355657270172
287,0.8746230965550447,0.4839900500858557,-0.941679644903858,-0.2861554818357255
288,0.1428575759394366,0.8746230965550447,0.0344701746615539,-0.941679644903858
289,-0.984015880790347,0.1428575759394366,0.8714446577494785,0.0344701746615539
290,-0.6501553965064863,-0.984015880790347,0.6917345367952646,0.8714446577494785
291,0.6506840220688527,-0.6501553965064863,-0.3598153881076505,0.6917345367952646
292,0.7894549096648515,0.6506840220688527,-0.957980301660962,-0.3598153881076505
293,-0.081105452142536,0.7894549096648515,0.1849449755389049,-0.957980301660962
294,-0.9149732904350328,-0.081105452142536,0.874201358316694,0.1849449755389049
295,-0.4535801656590062,-0.9149732904350328,0.4573681954656245,0.874201358316694
296,0.8834011281516219,-0.4535801656590062,-0.5151049340172617,0.4573681954656245
297,0.730822376152098,0.8834011281516219,-0.8557916741168895,-0.5151049340172617
298,-0.4155872437083328,0.730822376152098,0.441916741411575,-0.8557916741168895
299,-0.8257488963770264,-0.4155872437083328,0.9476687600099476,0.441916741411575
300,-0.108941635351735,-0.8257488963770264,0.1763109073530514,0.9476687600099476
301,0.9924456012388168,-0.108941635351735,-0.6779573898794308,0.1763109073530514
302,0.5945138526623501,0.9924456012388168,-0.5694735343992819,-0.6779573898794308
303,-0.7571556893093534,0.5945138526623501,0.63789963164492,-0.5694735343992819
304,-0.7931568017879518,-0.7571556893093534,0.96449089521595,0.63789963164492
305,0.190252954369936,-0.7931568017879518,-0.0546156392501624,0.96449089521595
306,0.9696411585268148,0.190252954369936,-0.8377050609618927,-0.0546156392501624
307,0.4189748858515453,0.9696411585268148,-0.2536851211679267,-0.8377050609618927
308,-0.9423414702664292,0.4189748858515453,0.7948159716724931,-0.2536851211679267
309,-0.7873159507835878,-0.9423414702664292,0.93405792940511,0.7948159716724931
310,0.3446517411794818,-0.7873159507835878,-0.1875637914681504,0.93405792940511
311,0.9336075555904852,0.3446517411794818,-0.9241371590097726,-0.1875637914681504
312,0.3133712600899632,0.9336075555904852,-0.1336552432392974,-0.9241371590097726
313,-0.9765878882950024,0.3133712600899632,0.8175567718392726,-0.1336552432392974
314,-0.7194543485669003,-0.9765878882950024,0.84465405478677,0.8175567718392726
315,0.5175525057872565,-0.7194543485669003,-0.2547419671199765,0.84465405478677
316,0.836057420959756,0.5175525057872565,-0.9281883128888624,-0.2547419671199765
317,0.0350677283570388,0.836057420959756,0.0528635948078915,-0.9281883128888624
318,-0.9810062731916174,0.0350677283570388,0.8609580695908019,0.0528635948078915
319,-0.5795689667975995,-0.9810062731916174,0.5673819737288422,0.8609580695908019
320,0.7666189535426797,-0.5795689667975995,-0.4401586862197235,0.5673819737288422
321,0.7741383756893958,0.7666189535426797,-0.9477779618731372,-0.4401586862197235
322,-0.2257344537216879,0.7741383756893958,0.272953383606785,-0.9477779618731372
323,-0.8992740624383946,-0.2257344537216879,0.8851261814369198,0.272953383606785
324,-0.3276182906053475,-0.8992740624383946,0.3167900844627901,0.8851261814369198
325,0.9654848046117352,-0.3276182906053475,-0.6002509869700675,0.3167900844627901
326,0.7044098972205511,0.9654848046117352,-0.7837538381393452,-0.6002509869700675
327,-0.5218483559915921,0.7044098972205511,0.5423895878103759,-0.7837538381393452
328,-0.8075834989096177,-0.5218483559915921,0.968841871358903,0.5423895878103759
329,-0.0422598355150009,-0.8075834989096177,0.1188102344438204,0.968841871358903
330,0.998525818281948,-0.0422598355150009,-0.7140067877896028,0.1188102344438204
331,0.5711983862062167,0.998525818281948,-0.4816085451500211,-0.7140067877896028
332,-0.7906539843963978,0.5711983862062167,0.6813883270023148,-0.4816085451500211
333,-0.7701382416116085,-0.7906539843963978,0.9695502173848666,0.6813883270023148
334,0.2399259451371717,-0.7701382416116085,-0.0693730271689384,0.9695502173848666
335,0.9357296275798144,0.2399259451371717,-0.8263426777078605,-0.0693730271689384
336,0.3383415344000171,0.9357296275798144,-0.1848712492632981,-0.8263426777078605
337,-0.9913407398242252,0.3383415344000171,0.7927722379857406,-0.1848712492632981
338,-0.7576938718858957,-0.9913407398242252,0.8716739154848114,0.7927722379857406
339,0.4475202406999911,-0.7576938718858957,-0.2522554477048566,0.8716739154848114
340,0.8832137333002441,0.4475202406999911,-0.9509313674058236,-0.2522554477048566
341,0.1633725776592245,0.8832137333002441,-0.0156750599701523,-0.9509313674058236
342,-1.003486863725861,0.1633725776592245,0.838342626656189,-0.0156750599701523
343,-0.67406617420861,-1.003486863725861,0.6913883755403271,0.838342626656189
344,0.6353724395929693,-0.67406617420861,-0.3771416190937346,0.6913883755403271
345,0.8075604574693638,0.6353724395929693,-0.9869399744599854,-0.3771416190937346
346,-0.0618842062966968,0.8075604574693638,0.177331251987924,-0.9869399744599854
347,-0.93246487075647,-0.0618842062966968,0.8771743067060331,0.177331251987924
348,-0.4727438426611963,-0.93246487075647,0.4767231072739457,0.8771743067060331
349,0.8518814707472533,-0.4727438426611963,-0.5089891518053351,0.4767231072739457
350,0.7360655905083598,0.8518814707472533,-0.878193865385218,-0.5089891518053351
351,-0.3597176814938392,0.7360655905083598,0.3921944771725951,-0.878193865385218
352,-0.8254897553284968,-0.3597176814938392,0.9264137035796208,0.3921944771725951
353,-0.1619570191327038,-0.8254897553284968,0.2131860242087038,0.9264137035796208
354,0.9715614450450812,-0.1619570191327038,-0.6398801576177293,0.2131860242087038
355,0.6111141639583646,0.9715614450450812,-0.58809697332232,-0.6398801576177293
356,-0.7105844895622853,0.6111141639583646,0.6213627686016936,-0.58809697332232
357,-0.7840617964599313,-0.7105844895622853,0.9567896875221852,0.6213627686016936
358,0.1564075756518091,-0.7840617964599313,-0.02042766583491,0.9567896875221852
359,0.9461314569432794,0.1564075756518091,-0.8086542441962296,-0.02042766583491
360,0.4134892361100296,0.9461314569432794,-0.2925825768083641,-0.8086542441962296
361,-0.934320724042321,0.4134892361100296,0.7733257748985747,-0.2925825768083641
362,-0.7733530514885736,-0.934320724042321,0.8787289024125303,0.7733257748985747
363,0.3871922344380586,-0.7733530514885736,-0.2274537329830337,0.8787289024125303
364,0.8996120733572375,0.3871922344380586,-0.9699412273185682,-0.2274537329830337
365,0.2346053217610967,0.8996120733572375,-0.1047776766935353,-0.9699412273185682
366,-0.9968996048840632,0.2346053217610967,0.8163931838708709,-0.1047776766935353
367,-0.6908178575336847,-0.9968996048840632,0.7279810402051188,0.8163931838708709
368,0.5936987551786042,-0.6908178575336847,-0.3750586249940061,0.7279810402051188
369,0.8073759118596969,0.5936987551786042,-1.0132710036029402,-0.3750586249940061
370,-0.0280658511421893,0.8073759118596969,0.1047513379476798,-1.0132710036029402
371,-0.9270351693521623,-0.0280658511421893,0.8553848804917243,0.1047513379476798
372,-0.4629913276872222,-0.9270351693521623,0.4971495694907221,0.8553848804917243
373,0.8842475678266831,-0.4629913276872222,-0.4971233870103779,0.4971495694907221
374,0.7221041976641942,0.8842475678266831,-0.8674000171201564,-0.4971233870103779
375,-0.416989375976405,0.7221041976641942,0.4386100815140436,-0.8674000171201564
376,-0.8250168583079888,-0.416989375976405,0.9310528222913764,0.4386100815140436
377,-0.1114984341283293,-0.8250168583079888,0.1689202651649219,0.9310528222913764
378,0.991596811450512,-0.1114984341283293,-0.6776951685114297,0.1689202651649219
379,0.5841989090182442,0.991596811450512,-0.5780545206747874,-0.6776951685114297
380,-0.7736289560106447,0.5841989090182442,0.6174647295384346,-0.5780545206747874
381,-0.7664537247285086,-0.7736289560106447,0.909625171428104,0.6174647295384346
382,0.2705837993015943,-0.7664537247285086,-0.1085317174045854,0.909625171428104
383,0.930624444628524,0.2705837993015943,-0.8623466642663765,-0.1085317174045854
384,0.3206080297716033,0.930624444628524,-0.1880156526524007,-0.8623466642663765
385,-0.9717671864281584,0.3206080297716033,0.7944538814412635,-0.1880156526524007
386,-0.7415410199870327,-0.9717671864281584,0.8206720993952146,0.7944538814412635
387,0.4889212107718547,-0.7415410199870327,-0.2676042024387396,0.8206720993952146
388,0.8831603797830034,0.4889212107718547,-0.97288083423012,-0.2676042024387396
389,0.1349206436277775,0.8831603797830034,0.0136263758223914,-0.97288083423012
390,-1.0061805450111492,0.1349206436277775,0.8631971834445462,0.0136263758223914
391,-0.651669057813114,-1.0061805450111492,0.6705467589369892,0.8631971834445462
392,0.6757002012955351,-0.651669057813114,-0.4190134412599451,0.6705467589369892
393,0.8007198796028415,0.6757002012955351,-0.9925210251633426,-0.4190134412599451
394,-0.1127136477169843,0.8007198796028415,0.1956183180166349,-0.9925210251633426
395,-0.9263540061005912,-0.1127136477169843,0.901944647776343,0.1956183180166349
396,-0.4307204199216671,-0.9263540061005912,0.4412354611243307,0.901944647776343
397,0.8967032391858842,-0.4307204199216671,-0.530479108742572,0.4412354611243307
398,0.7098459868222674,0.8967032391858842,-0.8573758291171776,-0.530479108742572
399,-0.4483445847075109,0.7098459868222674,0.4462382599284946,-0.8573758291171776
400,-0.8227677242090641,-0.4483445847075109,0.925028355217278,0.4462382599284946
401,-0.0869887465135706,-0.8227677242090641,0.1498635819434561,0.925028355217278
402,1.0034674283787175,-0.0869887465135706,-0.6896713848347069,0.1498635819434561
403,0.6051394035729596,1.0034674283787175,-0.5279269693537851,-0.6896713848347069
404,-0.7507333855925308,0.6051394035729596,0.6704431545553163,-0.5279269693537851
405,-0.797880099580448,-0.7507333855925308,0.9821932051460572,0.6704431545553163
406,0.1774002055937357,-0.797880099580448,-0.0462192768486565,0.9821932051460572
407,0.9849600330764836,0.1774002055937357,-0.8384316770429796,-0.0462192768486565
408,0.44126990404338,0.9849600330764836,-0.303887362880379,-0.8384316770429796
409,-0.9285845400535394,0.44126990404338,0.7606167384928634,-0.303887362880379
410,-0.7836653867801092,-0.9285845400535394,0.9104574240417131,0.7606167384928634
411,0.3522128172634365,-0.7836653867801092,-0.1947698067532876,0.9104574240417131
412,0.929566311870064,0.3522128172634365,-0.9479351901323408,-0.1947698067532876
413,0.2984891864110441,0.929566311870064,-0.1121814745896583,-0.9479351901323408
414,-0.986887754943886,0.2984891864110441,0.839098746646095,-0.1121814745896583
415,-0.7303934666294757,-0.986887754943886,0.8282588064464341,0.839098746646095
416,0.5026660030850697,-0.7303934666294757,-0.2615672550093261,0.8282588064464341
417,0.8442118878265743,0.5026660030850697,-0.9596711632672652,-0.2615672550093261
418,0.087844406724849,0.8442118878265743,0.0519310321188653,-0.9596711632672652
419,-0.9515369990928912,0.087844406724849,0.8469095463604812,0.0519310321188653
420,-0.5745181251344493,-0.9515369990928912,0.6295524805604702,0.8469095463604812
421,0.753618832513811,-0.5745181251344493,-0.3988114649803082,0.6295524805604702
422,0.7729416280224984,0.753618832513811,-0.9188230042861592,-0.3988114649803082
423,-0.2278871308234991,0.7729416280224984,0.2975977870760982,-0.9188230042861592
424,-0.9090579882268174,-0.2278871308234991,0.9085285150430475,0.2975977870760982
425,-0.3239788979063845,-0.9090579882268174,0.3228047692091523,0.9085285150430475
426,0.9848227038795356,-0.3239788979063845,-0.6100891642057994,0.3228047692091523
427,0.7150356485044056,0.9848227038795356,-0.7931944476048429,-0.6100891642057994
428,-0.5339516462539478,0.7150356485044056,0.5239601994419794,-0.7931944476048429
429,-0.8404502505769053,-0.5339516462539478,0.9524663414350144,0.5239601994419794
430,-0.0506027621097511,-0.8404502505769053,0.079012940094438,0.9524663414350144
431,1.0021840950560943,-0.0506027621097511,-0.7629461614016054,0.079012940094438
432,0.5739021028294523,1.0021840950560943,-0.5196759760379412,-0.7629461614016054
433,-0.7987135537703611,0.5739021028294523,0.6807931866542536,-0.5196759760379412
434,-0.7811855201517768,-0.7987135537703611,0.9514777212480472,0.6807931866542536
435,0.2362690221339831,-0.7811855201517768,-0.0955989383342861,0.9514777212480472
436,0.9335073248896816,0.2362690221339831,-0.8712447353765027,-0.0955989383342861
437,0.3671628171592743,0.9335073248896816,-0.2341970698569385,-0.8712447353765027
438,-0.9477365043012286,0.3671628171592743,0.7946831356192042,-0.2341970698569385
439,-0.7310962113111238,-0.9477365043012286,0.8626985153266344,0.7946831356192042
440,0.4431635735022612,-0.7310962113111238,-0.2398169217538872,0.8626985153266344
441,0.8562094241785512,0.4431635735022612,-0.9347750931272416,-0.2398169217538872
442,0.1267133317821715,0.8562094241785512,-0.0231899951603127,-0.9347750931272416
443,-0.9845050963153495,0.1267133317821715,0.8165242184550633,-0.0231899951603127
444,-0.6374064799968541,-0.9845050963153495,0.6351738469000157,0.8165242184550633
445,0.6694163212425811,-0.6374064799968541,-0.4256866019674322,0.6351738469000157
446,0.7583292861166475,0.6694163212425811,-0.983837754926954,-0.4256866019674322
447,-0.1599569482983608,0.7583292861166475,0.2107871391546635,-0.983837754926954
448,-0.8787022495978379,-0.1599569482983608,0.8501357889254572,0.2107871391546635
449,-0.3419420957061058,-0.8787022495978379,0.3520806392494115,0.8501357889254572
450,0.9334468050387812,-0.3419420957061058,-0.5670852043785164,0.3520806392494115
451,0.6838678604599712,0.9334468050387812,-0.7670230263299876,-0.5670852043785164
452,-0.5385793728900539,0.6838678604599712,0.5113886863846467,-0.7670230263299876
453,-0.8001247738996103,-0.5385793728900539,0.9416140494617092,0.5113886863846467
454,-0.0008902964090039,-0.8001247738996103,0.059715336056339,0.9416140494617092
455,0.9836139936728704,-0.0008902964090039,-0.7430286333874762,0.059715336056339
456,0.5241083127251024,0.9836139936728704,-0.4584784845150033,-0.7430286333874762
457,-0.8443894772732308,0.5241083127251024,0.7002371812908834,-0.4584784845150033
458,-0.7857461544034007,-0.8443894772732308,0.9282378080845304,0.7002371812908834
459,0.2673851583338995,-0.7857461544034007,-0.1342946870818325,0.9282378080845304
460,0.950037508477137,0.2673851583338995,-0.8954100466677207,-0.1342946870818325
461,0.3484190169246798,0.950037508477137,-0.2054798281699514,-0.8954100466677207
462,-0.9766315210062616,0.3484190169246798,0.7871037702823932,-0.2054798281699514
463,-0.7588635856439373,-0.9766315210062616,0.831313286683747,0.7871037702823932
464,0.4431819031543517,-0.7588635856439373,-0.2546043556569372,0.831313286683747
465,0.8860024244593853,0.4431819031543517,-0.9425045462099728,-0.2546043556569372
466,0.1531152853574795,0.8860024244593853,-0.0282006846084259,-0.9425045462099728
467,-1.0073006471596546,0.1531152853574795,0.8385708376890189,-0.0282006846084259
468,-0.6566438720054207,-1.0073006471596546,0.6813576582189267,0.8385708376890189
469,0.6699571477827947,-0.6566438720054207,-0.3988770574489282,0.6813576582189267
470,0.7976139267253551,0.6699571477827947,-0.9666823429322478,-0.3988770574489282
471,-0.110200716773487,0.7976139267253551,0.2046494697054257,-0.9666823429322478
472,-0.9197535053308672,-0.110200716773487,0.8722648780081379,0.2046494697054257
473,-0.4275969491977389,-0.9197535053308672,0.4148833334975743,0.8722648780081379
474,0.8925411372168894,-0.4275969491977389,-0.5486777839309944,0.4148833334975743
475,0.7163359577279557,0.8925411372168894,-0.8580433571087345,-0.5486777839309944
476,-0.4205531891700199,0.7163359577279557,0.4207855771377866,-0.8580433571087345
477,-0.8436262464754424,-0.4205531891700199,0.9245728540612508,0.4207855771377866
478,-0.1266136111935017,-0.8436262464754424,0.1562440360883206,0.9245728540612508
479,0.9983432925639716,-0.1266136111935017,-0.6893998181019455,0.1562440360883206
480,0.6211034299799297,0.9983432925639716,-0.5886373119176743,-0.6893998181019455
481,-0.7450810427353906,0.6211034299799297,0.6462063573045662,-0.5886373119176743
482,-0.8020204415383624,-0.7450810427353906,0.9674026679608088,0.6462063573045662
483,0.1559232527823962,-0.8020204415383624,-0.0530358142777717,0.9674026679608088
484,0.972905924132686,0.1559232527823962,-0.8281511903661231,-0.0530358142777717
485,0.434873601182996,0.972905924132686,-0.2883912573925549,-0.8281511903661231
486,-0.9425181097126744,0.434873601182996,0.7755710339087944,-0.2883912573925549
487,-0.7980770884609465,-0.9425181097126744,0.9373259569949898,0.7755710339087944
488,0.3154249682934998,-0.7980770884609465,-0.1767219481892427,0.9373259569949898
489,0.9501890262877288,0.3154249682934998,-0.9218465521541852,-0.1767219481892427
490,0.327659980243688,0.9501890262877288,-0.1516120413543494,-0.9218465521541852
491,-0.9686715731298764,0.327659980243688,0.8215074715717869,-0.1516120413543494
492,-0.7445269928793635,-0.9686715731298764,0.8661361309759859,0.8215074715717869
493,0.431848455466078,-0.7445269928793635,-0.2328839285509354,0.8661361309759859
494,0.8743697833320302,0.431848455466078,-0.9410115660690191,-0.2328839285509354
495,0.1605158079301107,0.8743697833320302,-0.0343619140773786,-0.9410115660690191
496,-0.9887719147683603,0.1605158079301107,0.8334268652713598,-0.0343619140773786
497,-0.6597681629475597,-0.9887719147683603,0.6852466685046845,0.8334268652713598
498,0.6388523904516388,-0.6597681629475597,-0.382193494297025,0.6852466685046845
499,0.7908695057178912,0.6388523904516388,-0.9772298500240456,-0.382193494297025
500,0.7510699524972503,0.8117995451743085,-0.916787773536864,-0.4733006587909518
501,-0.2906258157579366,0.7510699524972503,0.3497130450498995,-0.916787773536864
502,-0.8404456899421278,-0.2906258157579366,0.9077119629657666,0.3497130450498995
503,-0.2408053436327883,-0.8404456899421278,0.2642712227410601,0.9077119629657666
504,0.9532683762869092,-0.2408053436327883,-0.6162250086558282,0.2642712227410601
505,0.6384567148650787,0.9532683762869092,-0.6994439302648882,-0.6162250086558282
506,-0.6340261836235606,0.6384567148650787,0.5539168776665112,-0.6994439302648882
507,-0.7780505532550588,-0.6340261836235606,0.9132700610862096,0.5539168776665112
508,0.1215110133086467,-0.7780505532550588,-0.0091699032126307,0.9132700610862096
509,0.9455948292515974,0.1215110133086467,-0.7937216679900082,-0.0091699032126307
510,0.4196868220829933,0.9455948292515974,-0.3223463721384046,-0.7937216679900082
511,-0.9253216976018924,0.4196868220829933,0.7626775873608153,-0.3223463721384046
512,-0.7526740973214717,-0.9253216976018924,0.8758415470094939,0.7626775873608153
513,0.3943242746219813,-0.7526740973214717,-0.218334731523636,0.8758415470094939
514,0.8799989716905132,0.3943242746219813,-0.9392240647271868,-0.218334731523636
515,0.1913689572166232,0.8799989716905132,-0.0755398196326145,-0.9392240647271868
516,-0.9873895734573092,0.1913689572166232,0.8262329207141728,-0.0755398196326145
517,-0.6816004244854048,-0.9873895734573092,0.6911067562468178,0.8262329207141728
518,0.62206959904836,-0.6816004244854048,-0.3675470510188421,0.6911067562468178
519,0.8217787896881386,0.62206959904836,-0.9752466254917694,-0.3675470510188421
520,-0.0278662725180138,0.8217787896881386,0.1514880843418064,-0.9752466254917694
521,-0.9496298817476628,-0.0278662725180138,0.8788564328921631,0.1514880843418064
522,-0.5081630595406722,-0.9496298817476628,0.5169634999737381,0.8788564328921631
523,0.8480705806532628,-0.5081630595406722,-0.4730219912222414,0.5169634999737381
524,0.7251130310181102,0.8480705806532628,-0.8937528839547305,-0.4730219912222414
525,-0.3596235362623408,0.7251130310181102,0.3705469631774565,-0.8937528839547305
526,-0.8326070861719267,-0.3596235362623408,0.8964822978545048,0.3705469631774565
527,-0.1562725368792332,-0.8326070861719267,0.2048460886591465,0.8964822978545048
528,1.001133212168433,-0.1562725368792332,-0.6579380715718159,0.2048460886591465
529,0.6335642068187026,1.001133212168433,-0.6100133915506095,-0.6579380715718159
530,-0.7188897956188559,0.6335642068187026,0.6336103974064217,-0.6100133915506095
531,-0.8146028061739388,-0.7188897956188559,0.974609596252346,0.6336103974064217
532,0.1206601508831807,-0.8146028061739388,-0.0274702281545476,0.974609596252346
533,0.9862722943618812,0.1206601508831807,-0.8299204757563102,-0.0274702281545476
534,0.4580981994026949,0.9862722943618812,-0.3441463464584137,-0.8299204757563102
535,-0.9265521642707594,0.4580981994026949,0.7711334216827216,-0.3441463464584137
536,-0.7951752061607837,-0.9265521642707594,0.919716335779298,0.7711334216827216
537,0.3095371347074537,-0.7951752061607837,-0.1744668985395076,0.919716335779298
538,0.9326196576630178,0.3095371347074537,-0.9345217808932414,-0.1744668985395076
539,0.3235724632004187,0.9326196576630178,-0.1715479619966947,-0.9345217808932414
540,-0.9929780839187284,0.3235724632004187,0.8066978174454136,-0.1715479619966947
541,-0.7446629424935028,-0.9929780839187284,0.8289125753159885,0.8066978174454136
542,0.4871432167807666,-0.7446629424935028,-0.2851008254942701,0.8289125753159885
543,0.8687990780669351,0.4871432167807666,-0.990785518980656,-0.2851008254942701
544,0.135455844020489,0.8687990780669351,-0.0063056658402187,-0.990785518980656
545,-0.9975353415467676,0.135455844020489,0.843936128278146,-0.0063056658402187
546,-0.6626911739128813,-0.9975353415467676,0.6816826275602641,0.843936128278146
547,0.649259546349941,-0.6626911739128813,-0.4009989708988032,0.6816826275602641
548,0.8103339667737712,0.649259546349941,-0.9962944358622772,-0.4009989708988032
549,-0.0480347959310537,0.8103339667737712,0.1753854815133304,-0.9962944358622772
550,-0.9341172338847792,-0.0480347959310537,0.8730632996536571,0.1753854815133304
551,-0.4746884207786832,-0.9341172338847792,0.5088219900359866,0.8730632996536571
552,0.8805681442295759,-0.4746884207786832,-0.4924133734075452,0.5088219900359866
553,0.7635362553800864,0.8805681442295759,-0.8800308130557646,-0.4924133734075452
554,-0.3494002740545313,0.7635362553800864,0.3889836352683501,-0.8800308130557646
555,-0.8458077732294481,-0.3494002740545313,0.9266386324339244,0.3889836352683501
556,-0.1900064938281153,-0.8458077732294481,0.2369457984871739,0.9266386324339244
557,0.988326008095968,-0.1900064938281153,-0.63755247959147,0.2369457984871739
558,0.6408154868594362,0.988326008095968,-0.6427986652427986,-0.63755247959147
559,-0.6768871087082332,0.6408154868594362,0.6073213564642691,-0.6427986652427986
560,-0.7784520401576365,-0.6768871087082332,0.9585640935517618,0.6073213564642691
561,0.1445491910186956,-0.7784520401576365,-0.0104826976329914,0.9585640935517618
562,0.9457212170799992,0.1445491910186956,-0.8085830312519158,-0.0104826976329914
563,0.3798224583447553,0.9457212170799992,-0.3002334705937799,-0.8085830312519158
564,-0.9565998461527766,0.3798224583447553,0.7551825340784386,-0.3002334705937799
565,-0.7651166787620163,-0.9565998461527766,0.8486710554885161,0.7551825340784386
566,0.4222183737252845,-0.7651166787620163,-0.2604388318362875,0.8486710554885161
567,0.9096708504395616,0.4222183737252845,-0.9858222971426234,-0.2604388318362875
568,0.2218889980922132,0.9096708504395616,-0.0743968225934237,-0.9858222971426234
569,-0.9934570523897972,0.2218889980922132,0.815846476511334,-0.0743968225934237
570,-0.694362390769649,-0.9934570523897972,0.7407113143746711,0.815846476511334
571,0.5758715582476799,-0.694362390769649,-0.3603437115946871,0.7407113143746711
572,0.8360944219432997,0.5758715582476799,-0.9786849425846764,-0.3603437115946871
573,0.0188476174832298,0.8360944219432997,0.1011179010517947,-0.9786849425846764
574,-0.9538748973531408,0.0188476174832298,0.8739375198602947,0.1011179010517947
575,-0.5291653043207558,-0.9538748973531408,0.5641054472331688,0.8739375198602947
576,0.7887041854765785,-0.5291653043207558,-0.4630405579889398,0.5641054472331688
577,0.7638471833650874,0.7887041854765785,-0.9106681086266885,-0.4630405579889398
578,-0.2488300277655347,0.7638471833650874,0.3429696394978875,-0.9106681086266885
579,-0.858884118426417,-0.2488300277655347,0.9113596625341052,0.3429696394978875
580,-0.2801768195735346,-0.858884118426417,0.3136275210115245,0.9113596625341052
581,0.9584394336257585,-0.2801768195735346,-0.5855073614611351,0.3136275210115245
582,0.6500584017928295,0.9584394336257585,-0.7107798841260846,-0.5855073614611351
583,-0.6373443168740927,0.6500584017928295,0.5447569755095458,-0.7107798841260846
584,-0.7922844584074437,-0.6373443168740927,0.9414982811349808,0.5447569755095458
585,0.0992058920344248,-0.7922844584074437,-0.0153890173430551,0.9414982811349808
586,0.9875991390124472,0.0992058920344248,-0.8052618276439115,-0.0153890173430551
587,0.4965062695370169,0.9875991390124472,-0.3505845962976538,-0.8052618276439115
588,-0.88182805509978,0.4965062695370169,0.763126692236163,-0.3505845962976538
589,-0.8111847956372972,-0.88182805509978,0.9704914870734486,0.763126692236163
590,0.2482832483477415,-0.8111847956372972,-0.1121892425992562,0.9704914870734486
591,0.9698085293710086,0.2482832483477415,-0.8855745495946485,-0.1121892425992562
592,0.3718304818774809,0.9698085293710086,-0.2261160913366898,-0.8855745495946485
593,-0.976240637750958,0.3718304818774809,0.8068985902049219,-0.2261160913366898
594,-0.7705442466871969,-0.976240637750958,0.8801794186967852,0.8068985902049219
595,0.4197566108228908,-0.7705442466871969,-0.2331336147610619,0.8801794186967852
596,0.9029254992689054,0.4197566108228908,-0.9420177442783634,-0.2331336147610619
597,0.2071684747691637,0.9029254992689054,-0.0311976529349834,-0.9420177442783634
598,-0.9947124466382712,0.2071684747691637,0.8447936180687365,-0.0311976529349834
599,-0.6972253299505313,-0.9947124466382712,0.7354689630049636,0.8447936180687365
600,0.581650779140994,-0.6972253299505313,-0.3613814256478176,0.7354689630049636
601,0.8407050181897612,0.581650779140994,-0.991704769819861,-0.3613814256478176
602,0.0311314566054559,0.8407050181897612,0.096613338453712,-0.991704769819861
603,-0.9623637895320104,0.0311314566054559,0.8556730369965811,0.096613338453712
604,-0.5351377853869329,-0.9623637895320104,0.5792302121467297,0.8556730369965811
605,0.8055113279215395,-0.5351377853869329,-0.4566934684919552,0.5792302121467297
606,0.7543959223662102,0.8055113279215395,-0.9108224228281544,-0.4566934684919552
607,-0.2866993313274982,0.7543959223662102,0.3310475064707794,-0.9108224228281544
608,-0.8712705230603192,-0.2866993313274982,0.8913167329427725,0.3310475064707794
609,-0.2781691419509634,-0.8712705230603192,0.270345220945503,0.8913167329427725
610,0.94462357271339,-0.2781691419509634,-0.6233491352305324,0.270345220945503
611,0.6521633372453356,0.94462357271339,-0.7260736941308371,-0.6233491352305324
612,-0.6123351854074177,0.6521633372453356,0.5413886419710646,-0.7260736941308371
613,-0.7834286998563736,-0.6123351854074177,0.933389553486954,0.5413886419710646
614,0.0739324539981408,-0.7834286998563736,0.0062838634203596,0.933389553486954
615,0.9628974218939088,0.0739324539981408,-0.772759030426657,0.0062838634203596
616,0.4679163118162272,0.9628974218939088,-0.3760884735167432,-0.772759030426657
617,-0.89840810149929,0.4679163118162272,0.7196623995294839,-0.3760884735167432
618,-0.7618777240245836,-0.89840810149929,0.8934970178891672,0.7196623995294839
619,0.3421248097712834,-0.7618777240245836,-0.1792766972974858,0.8934970178891672
620,0.8960867891615575,0.3421248097712834,-0.909066716434868,-0.1792766972974858
621,0.2448698713127284,0.8960867891615575,-0.1338314135542708,-0.909066716434868
622,-1.0015823667341528,0.2448698713127284,0.7961776212635711,-0.1338314135542708
623,-0.6998183000774858,-1.0015823667341528,0.7410458537100809,0.7961776212635711
624,0.5950326705374193,-0.6998183000774858,-0.3467646083661355,0.7410458537100809
625,0.8329286847229734,0.5950326705374193,-0.9695961072594532,-0.3467646083661355
626,-0.0114480032421603,0.8329286847229734,0.1392816565649068,-0.9695961072594532
627,-0.95388979930255,-0.0114480032421603,0.874375792823075,0.1392816565649068
628,-0.5506464800352224,-0.95388979930255,0.5327742717679207,0.874375792823075
629,0.7770349832952888,-0.5506464800352224,-0.4721601940724649,0.5327742717679207
630,0.7777656789465436,0.7770349832952888,-0.9279573029114356,-0.4721601940724649
631,-0.2232400042877692,0.7777656789465436,0.3161140546461741,-0.9279573029114356
632,-0.899414091398884,-0.2232400042877692,0.913337600169115,0.3161140546461741
633,-0.3270607120665825,-0.899414091398884,0.3351099020397255,0.913337600169115
634,0.9665176124828188,-0.3270607120665825,-0.6048864307910512,0.3351099020397255
635,0.7128418769329505,0.9665176124828188,-0.783105376335175,-0.6048864307910512
636,-0.5240663627215248,0.7128418769329505,0.514624769436527,-0.783105376335175
637,-0.8081697408443289,-0.5240663627215248,0.9520378185758128,0.514624769436527
638,-0.008470114676515,-0.8081697408443289,0.0941674276440675,0.9520378185758128
639,0.9985028487225216,-0.008470114676515,-0.7438811220013112,0.0941674276440675
640,0.5448919643840968,0.9985028487225216,-0.4700179493170395,-0.7438811220013112
641,-0.8308939910081538,0.5448919643840968,0.7104599172998933,-0.4700179493170395
642,-0.7887457337939523,-0.8308939910081538,0.9551726122498728,0.7104599172998933
643,0.2446443457138345,-0.7887457337939523,-0.1158868265775557,0.9551726122498728
644,0.9571450734508368,0.2446443457138345,-0.8868070468715843,-0.1158868265775557
645,0.3699946558596809,0.9571450734508368,-0.224042086631066,-0.8868070468715843
646,-0.9764251351572698,0.3699946558596809,0.793650887654513,-0.224042086631066
647,-0.7720092594168906,-0.9764251351572698,0.8553168254650401,0.793650887654513
648,0.4088697678871549,-0.7720092594168906,-0.2447326883886081,0.8553168254650401
649,0.8891400524725009,0.4088697678871549,-0.956468598099059,-0.2447326883886081
650,0.2151585388081818,0.8891400524725009,-0.064062571828324,-0.956468598099059
651,-0.9840002027397068,0.2151585388081818,0.8346576430831587,-0.064062571828324
652,-0.7044758018411966,-0.9840002027397068,0.7423214037723098,0.8346576430831587
653,0.5536489881688865,-0.7044758018411966,-0.3214333883079719,0.7423214037723098
654,0.8310515647133588,0.5536489881688865,-0.9796084989664176,-0.3214333883079719
655,0.010953439499242,0.8310515647133588,0.0681457487504076,-0.9796084989664176
656,-0.9862153940848284,0.010953439499242,0.8538698578644641,0.0681457487504076
657,-0.5833905072901286,-0.9862153940848284,0.5447344081184959,0.8538698578644641
658,0.7783444037257528,-0.5833905072901286,-0.4862310723647101,0.5447344081184959
659,0.7705044346105611,0.7783444037257528,-0.9665042277162548,-0.4862310723647101
660,-0.2161343515571427,0.7705044346105611,0.3134865194819067,-0.9665042277162548
661,-0.8738173328202399,-0.2161343515571427,0.8987819712007094,0.3134865194819067
662,-0.3039144791338796,-0.8738173328202399,0.3317030380776562,0.8987819712007094
663,0.9541665262735014,-0.3039144791338796,-0.5621671597686493,0.3317030380776562
664,0.6773559668209105,0.9541665262735014,-0.7336855728360245,-0.5621671597686493
665,-0.5887507895337399,0.6773559668209105,0.5087544554622704,-0.7336855728360245
666,-0.804384886613006,-0.5887507895337399,0.943045933511772,0.5087544554622704
667,0.0323057312733038,-0.804384886613006,0.0161474399271251,0.943045933511772
668,0.981270396562796,0.0323057312733038,-0.7898365056365946,0.0161474399271251
669,0.4976258103059822,0.981270396562796,-0.4451410623960289,-0.7898365056365946
670,-0.8923346776508866,0.4976258103059822,0.7047019971416187,-0.4451410623960289
671,-0.7819180259271006,-0.8923346776508866,0.9205728266367468,0.7047019971416187
672,0.3294426091531361,-0.7819180259271006,-0.1667689449100423,0.9205728266367468
673,0.9353347566329416,0.3294426091531361,-0.9210102626525792,-0.1667689449100423
674,0.3018467145366132,0.9353347566329416,-0.1522155108039853,-0.9210102626525792
675,-0.9919009644012649,0.3018467145366132,0.8374844837941502,-0.1522155108039853
676,-0.7505783142130571,-0.9919009644012649,0.8316283999936509,0.8374844837941502
677,0.4890078129445924,-0.7505783142130571,-0.2864987585281374,0.8316283999936509
678,0.8766599063586092,0.4890078129445924,-0.9763395881549454,-0.2864987585281374
679,0.1492623084164503,0.8766599063586092,0.0151555942591296,-0.9763395881549454
680,-0.9842216517541622,0.1492623084164503,0.8493246194135039,0.0151555942591296
681,-0.6587737877299233,-0.9842216517541622,0.6954880069411097,0.8493246194135039
682,0.6404160361043055,-0.6587737877299233,-0.3763339796411218,0.6954880069411097
683,0.8088814181463461,0.6404160361043055,-0.9730369916081016,-0.3763339796411218
684,-0.0799612724192517,0.8088814181463461,0.1514968416597421,-0.9730369916081016
685,-0.955351478928202,-0.0799612724192517,0.865549836952614,0.1514968416597421
686,-0.4805681650939213,-0.955351478928202,0.4483218877912986,0.865549836952614
687,0.8787103921217136,-0.4805681650939213,-0.5702367616955689,0.4483218877912986
688,0.7371598277917869,0.8787103921217136,-0.9548325142699564,-0.5702367616955689
689,-0.3678771800033988,0.7371598277917869,0.3902517634704359,-0.9548325142699564
690,-0.8339175445855825,-0.3678771800033988,0.9048483155146,0.3902517634704359
691,-0.1674968165086663,-0.8339175445855825,0.1892901786069466,0.9048483155146
692,0.9938722196688788,-0.1674968165086663,-0.6828660916090614,0.1892901786069466
693,0.6411117946625727,0.9938722196688788,-0.6359051604650607,-0.6828660916090614
694,-0.6882559155981689,0.6411117946625727,0.606106297568251,-0.6359051604650607
695,-0.7868517458283082,-0.6882559155981689,0.9801534336565176,0.606106297568251
696,0.1414989794296715,-0.7868517458283082,-0.0020209294074241,0.9801534336565176
697,0.97654726498043,0.1414989794296715,-0.8111660893539284,-0.0020209294074241
698,0.4542584606537571,0.97654726498043,-0.3031114048313189,-0.8111660893539284
699,-0.9095445210272904,0.4542584606537571,0.7676047328407951,-0.3031114048313189
700,-0.7769670254432938,-0.9095445210272904,0.9275987387856768,0.7676047328407951
701,0.3331357827096773,-0.7769670254432938,-0.1559987659726299,0.9275987387856768
702,0.9193314289456178,0.3331357827096773,-0.8996215538777595,-0.1559987659726299
703,0.2708479970949907,0.9193314289456178,-0.1146707867081897,-0.8996215538777595
704,-0.989399344041415,0.2708479970949907,0.8139922803537799,-0.1146707867081897
705,-0.7134418629943602,-0.989399344041415,0.7756926161931273,0.8139922803537799
706,0.5345314521937449,-0.7134418629943602,-0.3134161965882944,0.7756926161931273
707,0.8547926279249104,0.5345314521937449,-0.9715711881436334,-0.3134161965882944
708,0.0689086825278832,0.8547926279249104,0.0550489199707576,-0.9715711881436334
709,-0.9776125345037048,0.0689086825278832,0.8539376242703043,0.0550489199707576
710,-0.6074542875549581,-0.9776125345037048,0.5874728933960645,0.8539376242703043
711,0.7132495299678082,-0.6074542875549581,-0.4428522671294151,0.5874728933960645
712,0.7639911896030606,0.7132495299678082,-0.9659818790749948,-0.4428522671294151
713,-0.1824084567294089,0.7639911896030606,0.2478650490757952,-0.9659818790749948
714,-0.8630468858661681,-0.1824084567294089,0.8846879736369765,0.2478650490757952
715,-0.3163383731921275,-0.8630468858661681,0.3515591985118838,0.8846879736369765
716,0.936935539466063,-0.3163383731921275,-0.5687670047797242,0.3515591985118838
717,0.6755008780871342,0.936935539466063,-0.7496629758111499,-0.5687670047797242
718,-0.5717603712497848,0.6755008780871342,0.5229165902794434,-0.7496629758111499
719,-0.7935420131492386,-0.5717603712497848,0.9522981159590498,0.5229165902794434
720,0.0416043174403466,-0.7935420131492386,0.0549123316961406,0.9522981159590498
721,0.9777400845878124,0.0416043174403466,-0.7496346604960968,0.0549123316961406
722,0.4949045371801966,0.9777400845878124,-0.3966143187220293,-0.7496346604960968
723,-0.8728713421812544,0.4949045371801966,0.719972599869572,-0.3966143187220293
724,-0.7696913548541482,-0.8728713421812544,0.9388790186702778,0.719972599869572
725,0.329198970645893,-0.7696913548541482,-0.1566949471354961,0.9388790186702778
726,0.9408544076985956,0.329198970645893,-0.9018940376446588,-0.1566949471354961
727,0.314193180478369,0.9408544076985956,-0.1355252268053904,-0.9018940376446588
728,-0.9953683038364244,0.314193180478369,0.8027767915515072,-0.1355252268053904
729,-0.7490564563828465,-0.9953683038364244,0.8174613271835612,0.8027767915515072
730,0.4728029069541237,-0.7490564563828465,-0.2912422788829346,0.8174613271835612
731,0.8633233940389011,0.4728029069541237,-0.9884885921339824,-0.2912422788829346
732,0.1453719736832322,0.8633233940389011,0.0007009096545817,-0.9884885921339824
733,-0.9695481959633168,0.1453719736832322,0.8325642812284135,0.0007009096545817
734,-0.6327232948428325,-0.9695481959633168,0.6792826401328228,0.8325642812284135
735,0.6621686435174202,-0.6327232948428325,-0.3817002769404235,0.6792826401328228
736,0.7712674803488057,0.6621686435174202,-0.9637808923274512,-0.3817002769404235
737,-0.1528777458522308,0.7712674803488057,0.20229254527844,-0.9637808923274512
738,-0.9140372959190972,-0.1528777458522308,0.8635396348477297,0.20229254527844
739,-0.3976694748678092,-0.9140372959190972,0.3608834719851993,0.8635396348477297
740,0.9145795419164964,-0.3976694748678092,-0.586234110103952,0.3608834719851993
741,0.7133037821152658,0.9145795419164964,-0.8479432797958284,-0.586234110103952
742,-0.456708100723693,0.7133037821152658,0.4546478361895981,-0.8479432797958284
743,-0.828528774229776,-0.456708100723693,0.9248863359913884,0.4546478361895981
744,-0.0800117068318778,-0.828528774229776,0.1312482974318116,0.9248863359913884
745,1.0095604097066346,-0.0800117068318778,-0.7023571819997668,0.1312482974318116
746,0.6095581243962369,1.0095604097066346,-0.5391653682984948,-0.7023571819997668
747,-0.7563856865694691,0.6095581243962369,0.6850747196092386,-0.5391653682984948
748,-0.8006415733869013,-0.7563856865694691,0.992965026000655,0.6850747196092386
749,0.1528112349094222,-0.8006415733869013,-0.0246964005294425,0.992965026000655
750,0.9911714544593444,0.1528112349094222,-0.822272603752178,-0.0246964005294425
751,0.4679581612956937,0.9911714544593444,-0.3018978010433714,-0.822272603752178
752,-0.9038108783703798,0.4679581612956937,0.759895149236872,-0.3018978010433714
753,-0.7536569117720513,-0.9038108783703798,0.95586391994145,0.759895149236872
754,0.3549057692364625,-0.7536569117720513,-0.1450680462269135,0.95586391994145
755,0.9118684726232594,0.3549057692364625,-0.8724190010301105,-0.1450680462269135
756,0.2267562514721137,0.9118684726232594,-0.0767413714902828,-0.8724190010301105
757,-1.008737622864066,0.2267562514721137,0.8415137364878923,-0.0767413714902828
758,-0.737594983736557,-1.008737622864066,0.7483376428882093,0.8415137364878923
759,0.5235126450910557,-0.737594983736557,-0.3460557803203826,0.7483376428882093
760,0.8440895546562935,0.5235126450910557,-1.0155434354829167,-0.3460557803203826
761,0.0783239416603681,0.8440895546562935,0.0412925703205154,-1.0155434354829167
762,-0.980612231085656,0.0783239416603681,0.8435034733431896,0.0412925703205154
763,-0.6018400167091217,-0.980612231085656,0.6076695606429268,0.8435034733431896
764,0.7403734475705785,-0.6018400167091217,-0.4173069031604203,0.6076695606429268
765,0.7908221511792886,0.7403734475705785,-0.9275322600290804,-0.4173069031604203
766,-0.1758193840889204,0.7908221511792886,0.298571546723611,-0.9275322600290804
767,-0.907714119573912,-0.1758193840889204,0.9257897292640848,0.298571546723611
768,-0.3800048232461264,-0.907714119573912,0.3930325666586621,0.9257897292640848
769,0.9265513651557408,-0.3800048232461264,-0.5729393726977469,0.3930325666586621
770,0.6970279633574628,0.9265513651557408,-0.8316609943444333,-0.5729393726977469
771,-0.5122626110479909,0.6970279633574628,0.47815546894901,-0.8316609943444333
772,-0.8237350037594244,-0.5122626110479909,0.9296850994062356,0.47815546894901
773,-0.0411769567315269,-0.8237350037594244,0.0798797725564302,0.9296850994062356
774,1.006391985314909,-0.0411769567315269,-0.7513764818834348,0.0798797725564302
775,0.579826970268101,1.006391985314909,-0.4994971162543671,-0.7513764818834348
776,-0.7924175928042079,0.579826970268101,0.7027400315557418,-0.4994971162543671
777,-0.7943403777751405,-0.7924175928042079,0.9773118643642236,0.7027400315557418
778,0.1945740891441699,-0.7943403777751405,-0.0627645827021729,0.9773118643642236
779,0.9879055124459712,0.1945740891441699,-0.8274147455187543,-0.0627645827021729
780,0.4260244999048197,0.9879055124459712,-0.2576776457037827,-0.8274147455187543
781,-0.961288571552578,0.4260244999048197,0.7671569321799544,-0.2576776457037827
782,-0.7944804789595166,-0.961288571552578,0.9138156258882048,0.7671569321799544
783,0.3453905179450912,-0.7944804789595166,-0.2357853670156658,0.9138156258882048
784,0.9273074151911146,0.3453905179450912,-0.9758352486251256,-0.2357853670156658
785,0.2989684678448474,0.9273074151911146,-0.1415785988507519,-0.9758352486251256
786,-0.9904062572745388,0.2989684678448474,0.8147696684155149,-0.1415785988507519
787,-0.7596374367625082,-0.9904062572745388,0.8074964204365873,0.8147696684155149
788,0.4556112807061224,-0.7596374367625082,-0.2869265719594298,0.8074964204365873
789,0.8688950632073128,0.4556112807061224,-0.974761603163114,-0.2869265719594298
790,0.1526229752093115,0.8688950632073128,-0.0115280823796897,-0.974761603163114
791,-0.9716685229964824,0.1526229752093115,0.8406490164581578,-0.0115280823796897
792,-0.6158679645072227,-0.9716685229964824,0.6826968039116508,0.8406490164581578
793,0.6971733939111922,-0.6158679645072227,-0.3650042320224954,0.6826968039116508
794,0.7819759879943909,0.6971733939111922,-0.9209607901354429,-0.3650042320224954
795,-0.150172406551705,0.7819759879943909,0.2163357750238168,-0.9209607901354429
796,-0.902264416597537,-0.150172406551705,0.8780828573482814,0.2163357750238168
797,-0.3666847247416845,-0.902264416597537,0.3908358480179522,0.8780828573482814
798,0.9397991248839266,-0.3666847247416845,-0.5626162471289687,0.3908358480179522
799,0.7072461144662529,0.9397991248839266,-0.8034634576457063,-0.5626162471289687
800,-0.5079690651998412,0.7072461144662529,0.4838300523678515,-0.8034634576457063
801,-0.821807375613842,-0.5079690651998412,0.9418642716113292,0.4838300523678515
802,-0.0510203189046314,-0.821807375613842,0.0927139378915471,0.9418642716113292
803,1.0057144757324237,-0.0510203189046314,-0.7349825229290878,0.0927139378915471
804,0.5804235129649741,1.0057144757324237,-0.5269772263064237,-0.7349825229290878
805,-0.8088204600067052,0.5804235129649741,0.6828913227510846,-0.5269772263064237
806,-0.7802958753858805,-0.8088204600067052,0.9704188700374304,0.6828913227510846
807,0.2424351494011518,-0.7802958753858805,-0.0964861055251437,0.9704188700374304
808,0.93062116692756,0.2424351494011518,-0.8597124456891243,-0.0964861055251437
809,0.3378696526544093,0.93062116692756,-0.2174468278212261,-0.8597124456891243
810,-0.9678482407747706,0.3378696526544093,0.7924707633764735,-0.2174468278212261
811,-0.752138946050159,-0.9678482407747706,0.8330618050707677,0.7924707633764735
812,0.4459690474846309,-0.752138946050159,-0.257836839644942,0.8330618050707677
813,0.8854430696751341,0.4459690474846309,-0.9761530081779244,-0.257836839644942
814,0.1920242855890587,0.8854430696751341,-0.030859928261338,-0.9761530081779244
815,-0.9963274065847484,0.1920242855890587,0.8264177551248901,-0.030859928261338
816,-0.692538032248488,-0.9963274065847484,0.72046900318455,0.8264177551248901
817,0.5848175240793577,-0.692538032248488,-0.3674842420886158,0.72046900318455
818,0.8208986635275268,0.5848175240793577,-0.986610163167858,-0.3674842420886158
819,0.0130095373934956,0.8208986635275268,0.1038535155181606,-0.986610163167858
820,-0.9296358995479648,0.0130095373934956,0.8533014857316851,0.1038535155181606
821,-0.504795028262264,-0.9296358995479648,0.5467844501605026,0.8533014857316851
822,0.8261881313033771,-0.504795028262264,-0.4574139580029948,0.5467844501605026
823,0.7326840967776124,0.8261881313033771,-0.8667373593746817,-0.4574139580029948
824,-0.352216241085354,0.7326840967776124,0.3857387081856683,-0.8667373593746817
825,-0.8428734874250732,-0.352216241085354,0.9075951817336744,0.3857387081856683
826,-0.1721902783538559,-0.8428734874250732,0.1886363380626554,0.9075951817336744
827,1.0033435984725485,-0.1721902783538559,-0.6997553622336459,0.1886363380626554
828,0.6596521036901325,1.0033435984725485,-0.6594713796637469,-0.6997553622336459
829,-0.6616322095244337,0.6596521036901325,0.5909328864890669,-0.6594713796637469
830,-0.7987614292526595,-0.6616322095244337,0.9679203300945364,0.5909328864890669
831,0.1014653694713502,-0.7987614292526595,0.0063168795778347,0.9679203300945364
832,0.9786087251424008,0.1014653694713502,-0.7761722405126319,0.0063168795778347
833,0.4672453856161332,0.9786087251424008,-0.3396520513485891,-0.7761722405126319
834,-0.8996197217684345,0.4672453856161332,0.7451671909451094,-0.3396520513485891
835,-0.769842110457143,-0.8996197217684345,0.905879354913956,0.7451671909451094
836,0.337423008756826,-0.769842110457143,-0.1685964629364055,0.905879354913956
837,0.931566898668382,0.337423008756826,-0.9096233322856844,-0.1685964629364055
838,0.3026903782057036,0.931566898668382,-0.0967876910036054,-0.9096233322856844
839,-0.9941402502116636,0.3026903782057036,0.8364776868038619,-0.0967876910036054
840,-0.7642853741555028,-0.9941402502116636,0.832506571958293,0.8364776868038619
841,0.445750229685234,-0.7642853741555028,-0.2775450621885625,0.832506571958293
842,0.8703987155006503,0.445750229685234,-0.9706634327891372,-0.2775450621885625
843,0.1769806352782178,0.8703987155006503,-0.0333382910676832,-0.9706634327891372
844,-0.972620350718006,0.1769806352782178,0.8315482097585016,-0.0333382910676832
845,-0.6472582551962055,-0.972620350718006,0.726931522496617,0.8315482097585016
846,0.6269543170840379,-0.6472582551962055,-0.3367797336329646,0.726931522496617
847,0.792179518554845,0.6269543170840379,-0.9324015338811276,-0.3367797336329646
848,-0.0711806870274534,0.792179518554845,0.1824858094519119,-0.9324015338811276
849,-0.9070455334708092,-0.0711806870274534,0.876141024141395,0.1824858094519119
850,-0.4310809023462509,-0.9070455334708092,0.4707512992542796,0.876141024141395
851,0.8897495615776866,-0.4310809023462509,-0.4942602124860977,0.4707512992542796
852,0.7147741469145417,0.8897495615776866,-0.8328174093038604,-0.4942602124860977
853,-0.4511763938144743,0.7147741469145417,0.435371423166748,-0.8328174093038604
854,-0.7967606422273457,-0.4511763938144743,0.9169133653660152,0.435371423166748
855,-0.0634024266585007,-0.7967606422273457,0.1211220969380839,0.9169133653660152
856,0.9757982661971633,-0.0634024266585007,-0.7018894096356717,0.1211220969380839
857,0.5567606014432016,0.9757982661971633,-0.5060285998874182,-0.7018894096356717
858,-0.7749017144382312,0.5567606014432016,0.6670167484445899,-0.5060285998874182
859,-0.7659692562891134,-0.7749017144382312,0.9389247202398022,0.6670167484445899
860,0.2543136215598858,-0.7659692562891134,-0.0772903669752306,0.9389247202398022
861,0.9311790014933424,0.2543136215598858,-0.8246850965918543,-0.0772903669752306
862,0.32661421243548,0.9311790014933424,-0.1939217618161368,-0.8246850965918543
863,-0.9677832384475412,0.32661421243548,0.8170197571686005,-0.1939217618161368
864,-0.7528741464223854,-0.9677832384475412,0.8535652886768844,0.8170197571686005
865,0.4462729355541698,-0.7528741464223854,-0.2560492992060958,0.8535652886768844
866,0.9008292291578004,0.4462729355541698,-0.959589645490259,-0.2560492992060958
867,0.1965276413232952,0.9008292291578004,-0.0195349796840493,-0.959589645490259
868,-0.967774889241484,0.1965276413232952,0.8529461390618431,-0.0195349796840493
869,-0.6750229435140042,-0.967774889241484,0.7452648252770357,0.8529461390618431
870,0.6161700646642847,-0.6750229435140042,-0.3297344309196744,0.7452648252770357
871,0.8140839243158007,0.6161700646642847,-0.9479917978200292,-0.3297344309196744
872,-0.0427790288934927,0.8140839243158007,0.1514713928990217,-0.9479917978200292
873,-0.9517645127558312,-0.0427790288934927,0.87558217355114,0.1514713928990217
874,-0.5220806644803143,-0.9517645127558312,0.5100599522810478,0.87558217355114
875,0.8156269724235851,-0.5220806644803143,-0.4895703982892817,0.5100599522810478
876,0.7469702506587161,0.8156269724235851,-0.9171708463424956,-0.4895703982892817
877,-0.2984820794948613,0.7469702506587161,0.3621362297181409,-0.9171708463424956
878,-0.8673087066083817,-0.2984820794948613,0.9138547656216548,0.3621362297181409
879,-0.2657907347048684,-0.8673087066083817,0.268103314227936,0.9138547656216548
880,0.9689769624152328,-0.2657907347048684,-0.6309866207934773,0.268103314227936
881,0.6678007723850854,0.9689769624152328,-0.7091582133927309,-0.6309866207934773
882,-0.5835448195584835,0.6678007723850854,0.5567070401712357,-0.7091582133927309
883,-0.7918560111976714,-0.5835448195584835,0.9584584832971385,0.5567070401712357
884,0.0485044469338981,-0.7918560111976714,0.064365017229309,0.9584584832971385
885,0.9927211603663562,0.0485044469338981,-0.7551515132324744,0.064365017229309
886,0.5032487081243903,0.9927211603663562,-0.4146239222016566,-0.7551515132324744
887,-0.8916801658407755,0.5032487081243903,0.729265124193923,-0.4146239222016566
888,-0.8082769523291251,-0.8916801658407755,0.941043022885938,0.729265124193923
889,0.278891317104277,-0.8082769523291251,-0.151767637407175,0.941043022885938
890,0.9685563166758656,0.278891317104277,-0.9164708537000568,-0.151767637407175
891,0.3939243203825333,0.9685563166758656,-0.2112326451506636,-0.9164708537000568
892,-0.956623678011391,0.3939243203825333,0.8054208458302964,-0.2112326451506636
893,-0.7664267112632538,-0.956623678011391,0.888950853590067,0.8054208458302964
894,0.4199921064913532,-0.7664267112632538,-0.2218797178185299,0.888950853590067
895,0.9099461926583572,0.4199921064913532,-0.9631409621639644,-0.2218797178185299
896,0.226643543417439,0.9099461926583572,-0.056214434824446,-0.9631409621639644
897,-1.0109360497715028,0.226643543417439,0.8394444347723738,-0.056214434824446
898,-0.7075271060642699,-1.0109360497715028,0.768069419105682,0.8394444347723738
899,0.5766401157257781,-0.7075271060642699,-0.346852827711689,0.768069419105682
900,0.8269987688130038,0.5766401157257781,-1.0012929915127518,-0.346852827711689
901,0.0237665398579062,0.8269987688130038,0.1009704135250643,-1.0012929915127518
902,-0.932305077154484,0.0237665398579062,0.859377983992612,0.1009704135250643
903,-0.5201912751012979,-0.932305077154484,0.5489827526019733,0.859377983992612
904,0.8032553907005191,-0.5201912751012979,-0.4467506152786435,0.5489827526019733
905,0.7478432296079299,0.8032553907005191,-0.8642729125198779,-0.4467506152786435
906,-0.3111857794529375,0.7478432296079299,0.3660245897733432,-0.8642729125198779
907,-0.8650688664499326,-0.3111857794529375,0.9255487794240732,0.3660245897733432
908,-0.2439189116544102,-0.8650688664499326,0.2585114683207511,0.9255487794240732
909,0.9930237643342752,-0.2439189116544102,-0.6158520186967237,0.2585114683207511
910,0.6617030054582158,0.9930237643342752,-0.6963385690641118,-0.6158520186967237
911,-0.6267666540145254,0.6617030054582158,0.5961037070608725,-0.6963385690641118
912,-0.7924817476613052,-0.6267666540145254,0.9736074370913822,0.5961037070608725
913,0.0759893092106505,-0.7924817476613052,0.0441428445702175,0.9736074370913822
914,0.9875574186865488,0.0759893092106505,-0.7692099284388942,0.0441428445702175
915,0.4882417422820506,0.9875574186865488,-0.3758842801469735,-0.7692099284388942
916,-0.8965841715989171,0.4882417422820506,0.7322984323081659,-0.3758842801469735
917,-0.7805429390733528,-0.8965841715989171,0.9282334283600092,0.7322984323081659
918,0.3308813589357894,-0.7805429390733528,-0.1680227579550151,0.9282334283600092
919,0.9462024018680396,0.3308813589357894,-0.9008703740560156,-0.1680227579550151
920,0.3051287414428882,0.9462024018680396,-0.12088972057631,-0.9008703740560156
921,-0.983634448845488,0.3051287414428882,0.8612568621262571,-0.12088972057631
922,-0.7639599510151651,-0.983634448845488,0.863610467825529,0.8612568621262571
923,0.4453736601677834,-0.7639599510151651,-0.2353328670304189,0.863610467825529
924,0.8994924452605257,0.4453736601677834,-0.952928425091862,-0.2353328670304189
925,0.1947005277611511,0.8994924452605257,-0.0462044860628728,-0.952928425091862
926,-0.9845782168318162,0.1947005277611511,0.8518033447238105,-0.0462044860628728
927,-0.7017028696204521,-0.9845782168318162,0.7324843150098049,0.8518033447238105
928,0.5656279701851864,-0.7017028696204521,-0.3432551880761032,0.7324843150098049
929,0.8172677152231858,0.5656279701851864,-0.9799410002767656,-0.3432551880761032
930,-0.0083240468587796,0.8172677152231858,0.0939769335781668,-0.9799410002767656
931,-0.9476970575699096,-0.0083240468587796,0.8528159124839528,0.0939769335781668
932,-0.5190324704573532,-0.9476970575699096,0.4900709315565301,0.8528159124839528
933,0.8147320460817787,-0.5190324704573532,-0.5180454809315458,0.4900709315565301
934,0.7392686911993351,0.8147320460817787,-0.93793513725065,-0.5180454809315458
935,-0.3152664862803708,0.7392686911993351,0.353442075257706,-0.93793513725065
936,-0.8497063375883233,-0.3152664862803708,0.9051289054214952,0.353442075257706
937,-0.2028193584261779,-0.8497063375883233,0.2613579982559763,0.9051289054214952
938,0.9889369301395274,-0.2028193584261779,-0.6402695522420891,0.2613579982559763
939,0.6416591072408115,0.9889369301395274,-0.6537643760848384,-0.6402695522420891
940,-0.6691882304871536,0.6416591072408115,0.5963578880751261,-0.6537643760848384
941,-0.7956406592388073,-0.6691882304871536,0.9362093510588322,0.5963578880751261
942,0.1150878777350773,-0.7956406592388073,-0.0248802930363941,0.9362093510588322
943,0.9790975477300726,0.1150878777350773,-0.7979239371187656,-0.0248802930363941
944,0.4635752385114182,0.9790975477300726,-0.3438797480735679,-0.7979239371187656
945,-0.8830218264323506,0.4635752385114182,0.7530110623249745,-0.3438797480735679
946,-0.7773746780927182,-0.8830218264323506,0.9152974547155016,0.7530110623249745
947,0.326212666447716,-0.7773746780927182,-0.1549082205814393,0.9152974547155016
948,0.9375620074941984,0.326212666447716,-0.8824138734980728,-0.1549082205814393
949,0.2912123509037712,0.9375620074941984,-0.1390121449812045,-0.8824138734980728
950,-1.0054268958637598,0.2912123509037712,0.8288284419442019,-0.1390121449812045
951,-0.7522661389464115,-1.0054268958637598,0.8076260120984706,0.8288284419442019
952,0.483936385323762,-0.7522661389464115,-0.284997119675961,0.8076260120984706
953,0.8782485154143671,0.483936385323762,-0.9605709353621812,-0.284997119675961
954,0.1250288266052689,0.8782485154143671,0.0148587550988191,-0.9605709353621812
955,-0.981467552400456,0.1250288266052689,0.829110335193091,0.0148587550988191
956,-0.6318889299742176,-0.981467552400456,0.6423652903197451,0.829110335193091
957,0.684506777224888,-0.6318889299742176,-0.3940156874165418,0.6423652903197451
958,0.787269998625488,0.684506777224888,-0.9615359062936892,-0.3940156874165418
959,-0.121666548133017,0.787269998625488,0.2132997521828231,-0.9615359062936892
960,-0.904498822412275,-0.121666548133017,0.8730952454543985,0.2132997521828231
961,-0.3979459820760925,-0.904498822412275,0.4187161179654474,0.8730952454543985
962,0.9004012467857796,-0.3979459820760925,-0.5483428989398527,0.4187161179654474
963,0.7096322880938135,0.9004012467857796,-0.8236549501780015,-0.5483428989398527
964,-0.4432788831440085,0.7096322880938135,0.4636663830789867,-0.8236549501780015
965,-0.8251761190444347,-0.4432788831440085,0.9234061401913009,0.4636663830789867
966,-0.1079052047835874,-0.8251761190444347,0.1400617477840142,0.9234061401913009
967,0.9904665889560884,-0.1079052047835874,-0.7059449304077021,0.1400617477840142
968,0.5965041557829294,0.9904665889560884,-0.5782454587905969,-0.7059449304077021
969,-0.7588479834315218,0.5965041557829294,0.6669183693313842,-0.5782454587905969
970,-0.7936242554720856,-0.7588479834315218,0.962240140359224,0.6669183693313842
971,0.1794795425591758,-0.7936242554720856,-0.0698190794244465,0.962240140359224
972,0.9521999995741076,0.1794795425591758,-0.8402583878284928,-0.0698190794244465
973,0.4096278654322612,0.9521999995741076,-0.2867173931654391,-0.8402583878284928
974,-0.933516760601797,0.4096278654322612,0.7542469668758717,-0.2867173931654391
975,-0.7574127072242618,-0.933516760601797,0.8847482379311884,0.7542469668758717
976,0.4122798403604188,-0.7574127072242618,-0.2017272195649614,0.8847482379311884
977,0.891257906059651,0.4122798403604188,-0.9205225831810272,-0.2017272195649614
978,0.211074233973387,0.891257906059651,-0.0489352399399852,-0.9205225831810272
979,-0.9713989847529696,0.211074233973387,0.8313887562193639,-0.0489352399399852
980,-0.6764754274760064,-0.9713989847529696,0.7333866770404499,0.8313887562193639
981,0.5949415151734185,-0.6764754274760064,-0.3327395000391964,0.7333866770404499
982,0.8251259574481018,0.5949415151734185,-0.9480883217470304,-0.3327395000391964
983,-0.0112228659770399,0.8251259574481018,0.1470136816447454,-0.9480883217470304
984,-0.944107516914254,-0.0112228659770399,0.8524606557579869,0.1470136816447454
985,-0.5054881883620955,-0.944107516914254,0.5026223101533928,0.8524606557579869
986,0.8319675442812342,-0.5054881883620955,-0.5034284062805322,0.5026223101533928
987,0.7498709713856512,0.8319675442812342,-0.910481918888824,-0.5034284062805322
988,-0.3080568394645326,0.7498709713856512,0.3519644279406616,-0.910481918888824
989,-0.8385061770280391,-0.3080568394645326,0.9042115061411526,0.3519644279406616
990,-0.2080644320208098,-0.8385061770280391,0.2560310486556602,0.9042115061411526
991,0.9850969384705438,-0.2080644320208098,-0.6186393737904612,0.2560310486556602
992,0.6490789227763802,0.9850969384705438,-0.6553264971013848,-0.6186393737904612
993,-0.6571234660993787,0.6490789227763802,0.5894837441492927,-0.6553264971013848
994,-0.7771951663041109,-0.6571234660993787,0.9653452351680348,0.5894837441492927
995,0.1282138427515583,-0.7771951663041109,0.0260923796079982,0.9653452351680348
996,0.9578471532117308,0.1282138427515583,-0.7497875181127162,0.0260923796079982
997,0.4151397335784387,0.9578471532117308,-0.2919740479146078,-0.7497875181127162
998,-0.9421974394056274,0.4151397335784387,0.7637974071399278,-0.2919740479146078
999,-0.7670606534967022,-0.9421974394056274,0.875744202026782,0.7637974071399278
