,0,1,2,3,4
0,0.6049479369378705,-2.2575488449738454,-1.2599773041566513,-0.3263668808308368,-3.542898026636842
1,1.0959893217927552,2.6435652381989585,3.8377250264821696,-5.770909175462359,-1.7030314889995768
2,3.5070022623336823,2.2884995836710575,4.767025778200798,-8.589803410675595,-2.083329768888709
3,2.9875781947597666,-0.5915401772610189,4.964074844326451,-7.933643479358467,-4.014302170066799
4,4.051805792183159,2.830175788275044,3.0923858842669354,-8.487689474261623,-0.9559028482255882
5,5.997461675882539,4.114864310884144,5.072352321631654,-8.882000657266145,-2.3570055190579455
6,4.4232898293002885,-0.10742746386663105,-1.8886177460261662,-0.5308652734032875,-5.058436316532486
7,0.74729016099447,-3.2991151927027538,4.9131799105486325,-4.977461989867897,-6.236937046143394
8,0.6277014317347303,-3.982988208941541,-0.30444051677604606,-1.529840561615441,-4.867516195275015
9,1.9270810119364736,1.8911984353562106,2.4754156047554714,-6.07847197879101,-0.8018338343014668
10,9.150986133271607,7.6259528475333,4.050978395594527,-8.593230333450466,-2.265594541857574
11,8.152867812680505,6.107692687784048,-2.876555962572998,-3.705124644148885,-1.4892199309038796
12,9.572064344649622,5.0478562818814545,5.2687505572043,-10.870468404240862,-3.1038184810664453
13,9.133521161888236,7.0639954533073475,1.1485659145265439,-8.256336543778788,-2.0354238617475016
14,1.309899101228176,-1.47450558799483,-3.8919270232722196,0.36199303796752824,-2.0031812205624955
15,3.938483861107959,4.301886701154368,0.5383003802773997,-3.518590239804994,-2.5576542327532783
16,7.934873435040962,5.615459719358874,4.199740653763397,-9.201066834582408,-2.004882664506939
17,1.6413471776301107,0.7511684577741995,3.856621687076388,-7.136355234260222,-1.8712004354974263
18,3.3510695969720956,4.093700581444049,4.42463050772709,-8.060939433346546,-2.552596433762806
19,2.172422516080473,-2.0969368279822,4.668825961064121,-6.666576526081059,-3.824310303371749
20,2.466319027360324,1.6660400095884245,-2.5307798020177885,-0.6236658786513828,-1.0917530975175276
21,6.3359919212092946,0.43454370677551835,3.311565356028151,-8.697583848954984,-4.382194066748682
22,7.657679777176981,5.406471153992192,4.155395601369449,-10.852488846752344,-2.00386124743548
23,1.9602831223526556,-0.7795024587026285,5.300623665712502,-8.401900150801454,-3.326889459707626
24,2.3685460749686045,0.9678092692345843,-2.7567627904057117,0.17552190472377766,-2.9762400678101812
25,0.902341094652479,-1.3434539622400132,-2.14421382305228,1.4035846213951744,-2.8371836408393847
26,6.633166050164168,4.990581042205768,1.259732710434997,-9.22106283351536,0.5784866963030738
27,1.6829137714511968,0.3595220842113195,4.996277331073922,-6.717565308719717,-3.078875939380796
28,6.526914138189843,2.2706207646656673,-2.2191870032743184,-1.829759121899691,-2.118401775246841
29,8.408077610431395,3.4072997022590354,4.0359870939946605,-10.133817818501972,-4.25497745100243
30,9.454761608071923,4.547498304311201,-1.567911893201125,-3.954557589013952,-4.320286397397701
31,3.1445040708633014,-0.2646050184840855,5.977383448257213,-6.7644141131912185,-3.5310151922560866
32,2.8502133427354424,1.5319964821219627,-2.041371791447748,-0.20575574257661405,-0.9821713459038168
33,2.3502919521181855,-3.4455437728244824,-0.4587352464139835,-2.1114687780639607,-5.285566510157724
34,7.185952867618091,2.438581583618301,4.145044891433895,-10.448460427510781,-4.002957215876279
35,9.253582366170015,6.30329541449424,-1.820516561896091,-2.9656322027477486,-3.4816708475663694
36,3.8440717811470533,3.5543849341995997,-1.0606882134531581,-2.8721555761730726,-0.97050471355635
37,3.7546503804710567,-0.688463257650899,5.584450094766897,-8.040814013940784,-2.85453499159504
38,8.251001525710201,5.264600022008525,-1.5151709442586019,-2.524557352872259,-2.2338443292342083
39,4.910929797930302,1.0903053656932924,4.716363969720516,-8.59549078186615,-4.067784816054456
40,7.851479214776261,6.243922686267837,-2.086489032562401,-3.8382873096174315,-1.3509788307413073
41,1.0914399332362006,3.1638790434935,1.0948633926983065,-3.127347420895809,-0.9634715949280899
42,8.508633805541464,2.268793656130167,0.5343664764855296,-5.849520061129702,-4.945431145721455
43,7.3931247923848495,3.594516988558609,-2.8235690293328046,-2.915882238272609,-3.7677071541715095
44,8.790045825897922,5.519803623277804,4.174780339932442,-10.382665408846702,-1.9286482902670272
45,8.748981010266451,6.848577606052161,-2.620522800284784,-2.4561171313756955,-1.9357986549381918
46,4.784688625294335,2.6803818816093665,-2.520870506580138,-1.4966858087612671,-2.3407109739693714
47,9.626565539274356,3.196709636247328,2.8771197873211602,-8.44497710475216,-5.171666233859257
48,4.164355733250419,0.3659758872468299,2.521560430836984,-7.498775619522661,-4.372459411104634
49,1.8949848852875637,1.0052663743084782,-1.879157077521065,0.2148172701792629,-0.9144149354535627
50,2.3111547453171055,-1.0341483990290365,-3.064615254887185,-0.4765950114072498,-4.289716998084904
51,2.517198467742804,3.1996685210135682,-0.9012741128642097,-2.346660389027577,-1.362753277370918
52,8.648256033335063,4.232775300261217,-2.967286069963335,-2.276783667011769,-2.8508372686738563
53,8.134320827047953,5.800788439645927,-2.5892060512839152,-2.2387492580804054,-1.9967635575666858
54,3.9466735153114247,-2.0639741985260187,-2.257969664813519,-5.454934354508309,-1.024163877278158
55,1.595264409045801,-0.02554373443692931,4.214172514497049,-8.06575731798408,-1.582271146483711
56,7.006792792763303,1.7840410172584222,-3.886610519657702,-2.661229580552472,-2.87210272789615
57,5.0942930227895635,-0.2579629434173876,0.8786810480404488,-6.37919955349563,-5.138600007678678
58,4.868822106107385,4.238669747187458,0.30808351090369296,-3.9766637627060217,-0.8669432354679943
59,7.068450021563151,0.6521493748509855,0.17137603780323762,-4.157456494406656,-5.465415226397632
60,4.663274993389145,2.0572606075515423,4.347681439493148,-7.122323057853999,-2.9717743042120146
61,6.81636038501382,-0.06970042189790976,1.5867632234256384,-7.822468347413656,-5.711958640634684
62,1.4554251443204538,0.332698300853588,4.79608506895535,-6.615595938302546,-2.125380603807681
63,7.963763817617833,2.495417962053419,-2.1378011577575187,-3.5359925360700974,-4.20250109171395
64,8.21958071128574,2.4595786410940663,4.195108295334741,-10.330202399821745,-4.3562318774916875
65,7.987547781355946,7.099721761336722,-1.1134940288692143,-4.807103542916452,-1.2667506858370143
66,5.835702919188982,1.2159986207282438,3.418342025323332,-8.837831126326448,-4.359632879097049
67,-0.15583805570616505,-3.8700022444582607,1.285598095880222,-3.660462842135443,-5.1762808148386235
68,3.3106321928555738,4.42272875183613,2.1680797289942286,-6.34302348291242,-1.852128638241215
69,7.6054266142685645,4.4686057775383405,-5.2529027896156775,-1.7475669243594967,0.9067206653541885
70,9.074293474054265,5.954206016777517,4.254647699507835,-9.394043824587913,-2.61833873617496
71,8.828531077968776,5.49580538241681,-2.3593102687503946,-2.89975040270876,-2.4754677690602
72,0.5996513812768269,-4.124979030235542,-1.8899246780420613,-1.2120451522779523,-4.591561356333707
73,5.799442010588242,2.92693757143478,-2.8906675694242994,-1.6613826667556733,-2.4728466998567025
74,1.9039574120068194,-2.700411175065649,3.282803495578012,-6.853889662352133,-4.063603817538689
75,3.1639147936870247,3.5566399001112816,1.602311731531981,-4.5741259989215655,-1.146921474033443
76,2.287020124992646,-3.1166419438588497,-0.46398784402796284,-2.7696256305251907,-4.4780831431622525
77,7.090879640134794,5.903001499831913,4.228130704490581,-8.881248008798464,-2.219219992960235
78,5.687400551258034,4.432687986601004,-2.240043742570309,-2.1124426124838815,-2.2027695958017954
79,7.6374294904878095,6.141190197770665,-3.026034294299282,-5.707507129091954,1.4266339656478442
80,8.326372171239807,6.115098328241689,3.796001660661432,-9.556545384824975,-0.44781100606898017
81,6.781141565703857,6.038995635805982,0.9626049608830318,-5.5181384900299095,-1.5622050383612498
82,0.5102300657046684,-2.195254990119322,-1.7009574233235085,-2.029508600025837,-4.775026283549915
83,3.1566582481907997,2.9326541903890138,1.6044371915287754,-6.746140165876738,-0.6068501992965251
84,8.094913970142345,6.2390605426424,3.662749820478675,-9.056217088543786,-1.9267106402420933
85,4.75157078751483,1.724086225538865,-2.5260645112840425,-1.942130169464086,-2.0191959843545564
86,1.7481601955194161,1.4941554902692087,3.813166567929498,-6.707872020792016,-1.4547912866326755
87,1.6722341102557934,2.0038180265441494,-1.5321947286085789,-0.08429642312886892,-2.0955379876154963
88,9.731201342929582,2.027205063151901,3.4846976802134275,-9.253374949443403,-4.755504565486629
89,-0.6594290606149882,-2.753813973152207,2.1701157837854437,-4.487718187095107,-4.147708440215229
90,8.877964217675247,6.716956083050272,-1.6253299766878748,-3.6888511646065534,-1.7449555508168944
91,3.3247644542733754,2.8062117180559834,-2.4092409421939083,-1.08789175241041,-1.2031448196798569
92,8.44318467620582,6.822050465965031,3.7650723223376468,-9.039091604347668,-0.5869762970425154
93,3.678422458246314,-0.7913336735051365,-2.1284947384776816,-0.6226724388381415,-3.4667330104423897
94,3.93128200191836,3.0973495189188713,3.648078061392613,-6.5740326757429814,-1.0900282580714356
95,6.803663184254069,1.5910710163248953,-0.8449684236284165,-3.5518101427920508,-4.765369379663923
96,5.720272889462825,1.5321295275563604,0.3411086667558816,-9.466302133212618,0.24303447654073962
97,0.3223100386854213,-3.085372211640653,-1.4475177700313533,-0.7446052347481251,-4.6515877289416805
98,9.287299850390987,7.8395714953254485,0.5030674907268592,-4.858803294544635,-2.3939479285787315
99,2.604999700031291,-3.565971007457536,1.6201790924924822,-5.0218650936665234,-4.929437760767632
100,4.935928911889294,2.3526410403889795,4.095122830699906,-8.840039815792496,-3.7837463257228032
101,0.32638714948868963,-3.365117136140156,-0.1248308596051701,-2.468067618826699,-5.088833106528991
102,4.677475027368986,4.530611363106498,-0.07231507031655038,-4.637110922588995,-0.9878582532413056
103,3.5476784751970474,0.590218487285776,-2.532299054817286,-0.6585368592858496,-2.636901231915395
104,8.819102563535191,1.9784042339398797,3.0257468448337947,-9.534568403159508,-4.177560322060412
105,8.117059329429852,7.560217402257328,0.5302362018885958,-5.279320101527441,-1.7690397646472484
106,8.509429807726933,6.780654569714678,1.8087347452032225,-8.424321390846368,-1.7363614922076698
107,1.4066805470263264,-2.549877815422229,-1.170093622163518,0.7809623080390393,-5.215716649074546
108,6.209330319860695,-0.4393815806915521,1.8641863215020775,-6.02056868507923,-4.612832212081911
109,7.825041308417356,3.58326143030113,-3.258079231572415,-3.1319234857836897,-3.851742046789078
110,4.209806546205408,-0.9279673376480464,-1.3228764234023493,-2.486405842270849,-4.850081836169454
111,7.084029512607786,0.42247460343126025,1.79589485641892,-6.607273809757135,-5.048029882617558
112,2.075721329289655,-2.0811248041825423,3.1123238838083873,-5.90327357761664,-4.3161547871027635
113,5.198128864239875,4.531808677455128,-0.7507622998014053,-2.698342520654217,-1.2168509891434802
114,1.821183825587576,-2.197877701984856,0.5048077924965068,-5.02417060997665,-5.661915105521734
115,8.429382501639848,3.56778204241743,-2.755585456232272,-4.072642844108435,-3.902797855194115
116,5.061965932421023,1.6446606645370598,-3.6330271946465515,-1.2175279641593049,-3.5279478315089197
117,1.8089464061644782,1.3479582706750435,-1.6359884155850128,-1.1732922598128672,-1.358155566803708
118,4.1398272677717625,1.1371382308333757,3.9006150687666845,-7.1550429701372025,-4.204246408367854
119,6.341074552752964,4.213470764287485,-2.8006380808585805,-1.9746832322928078,-2.6114379808439296
120,3.389870612434716,-1.248934778089425,3.8274821955401066,-6.216581109217978,-3.1883465833483697
121,9.072524687888652,5.718856863756148,-3.8179844862912216,-2.512384205716718,-3.1713021601709266
122,5.534759086596087,4.701443111052686,4.191149730162605,-8.15148953304561,-1.0292732136547826
123,6.907060986052174,1.0010421000720957,2.0409689835316973,-8.05551438308859,-5.734216537173522
124,1.9814677821753153,2.1136182690218,2.513361040323613,-4.662215784737988,-0.9123900410474058
125,1.0888764247978207,-1.1595756817617957,-1.5964383162581406,-0.007062093635041067,-2.505404386919905
126,8.688782002269535,7.36284163618146,1.3829514456417265,-7.083751685222284,-0.5244498371674545
127,4.073701877490296,0.27758623185319375,-2.9503124911431007,-0.025137018763227825,-3.792432824601712
128,6.604675429848199,6.189755753784677,-0.45412353593587496,-4.1315410783756885,-1.4059365943904647
129,2.1197324995416373,-1.961140857749641,-2.671070959830241,-0.04224148215025775,-4.55527986662858
130,0.710613126655832,-2.6022637885063746,4.7133731923075555,-6.197447619104647,-3.808053766301096
131,0.3753112037884281,-3.089406821419811,3.5111275325767393,-4.566865404255652,-4.57478555641445
132,4.117963009875771,1.1220472074831893,4.445151311821918,-8.02689562784609,-2.03684705643758
133,5.951439692962833,0.9401255008583587,-6.0983065375177885,-2.690127332993059,-1.1680586650231441
134,4.9432878002728255,0.7305531763779567,-2.6004751942803757,-0.34070726701152976,-3.2671109667935876
135,6.374935773115938,5.498419603598725,-0.7135227778423432,-4.20766577438923,-1.393397470188686
136,3.093692228671925,2.0477375831952074,3.8277848223705107,-7.097402598723801,-1.4068469944655555
137,1.5098302696496164,-3.1607019793069897,3.5419241369309513,-6.119791160067744,-4.466724702006181
138,1.8240266590852565,0.15262865740760345,4.080439649576782,-8.147217954104097,-3.6647809139281464
139,9.207870047160895,4.553206655499311,4.342585406781525,-10.420867440731264,-3.4599998893575723
140,1.980087795091998,1.6382001286895427,-1.7858319886959346,-1.4643272719081897,-1.5331923002281673
141,1.4280757263071822,-3.5971890392128945,0.27100389939400216,-1.9674261892827056,-5.31612179808861
142,8.635206135536727,7.867594390236752,3.814057010894963,-9.119226506520993,-1.592700306346768
143,5.123117416227881,-0.6360701194795451,3.643031743034027,-8.245642898170546,-4.269683856383425
144,0.03307388850023041,-1.702568347299483,4.576982983435636,-7.251413276641383,-3.4010543900159305
145,4.030280235497594,4.1764315711592985,-0.8585604187292522,-2.9284064538718213,-1.403772869057359
146,4.0799250071980016,1.4300724932218882,-2.4169177021482398,-0.24327813523962738,-1.6697560832342682
147,1.9266018013645598,-1.9049404754275616,-2.584217992888601,1.6704951261153425,-3.597746328767354
148,2.880674025462483,-2.4127973803983926,-1.008709733719245,-2.5937656949290537,-4.500764306635349
149,8.505603809904718,5.545943340109195,-2.9697183509558838,-3.3347896576405756,-0.8155164870460703
150,0.12293021343760302,-3.0109018812342434,-2.1978890680305057,-2.607310212280276,-3.1094314354702766
151,1.1637598314077975,1.499313436169221,0.30473495059402655,-1.4117096142961767,-0.26427015766635753
152,0.4351877536837282,1.213706880726858,3.8497963139744042,-6.905182776210855,-2.1679035867114265
153,1.9643654261985066,-2.2559390964094597,-2.8395235953542466,0.7173245289820833,-3.6139379974309
154,1.4490321529497785,1.880202534331605,4.13520946533279,-5.375736418128246,-1.768315686629963
155,2.821755313111641,0.3510109993302887,4.175886594005835,-9.222444013974131,-3.696224383615628
156,-0.4759227415979935,-3.6379254891936124,4.394289506179531,-5.813897102723921,-5.27155234738427
157,8.554216843705627,8.18840339977364,0.9285889164822551,-8.075939813996234,-0.9655770774549112
158,8.124446452380116,7.189829437658413,-1.6519695716177605,-3.6392076836251257,-1.5418082416400385
159,8.074812495269285,7.777051993005882,0.11723176907062749,-6.510058259118894,-1.3317041163716434
160,8.282615946647994,5.924360203430323,5.37335641480174,-10.605272799436731,-3.3663338307062665
161,6.349698584148005,4.302820667431778,5.392693989272702,-9.14570978623025,-3.7429730655133824
162,4.428509996714686,3.953484190925452,1.1903425585815481,-4.729583955475953,-0.0747593751506841
163,8.576514940351561,1.8869433469363661,2.6835103241877682,-8.978015876411268,-4.146412865470871
164,6.214944636568591,4.265041335716558,4.0912757562514,-9.775593231299723,-3.08789323209598
165,7.974190166406421,7.662599881244079,0.032122763072316984,-7.481457957337307,-0.8727468095473707
166,6.98331915926741,6.65782603893267,-1.0576994829422584,-3.5617032792483667,-1.4372025729422868
167,3.6393254202359095,3.1811938798670134,-0.5194964083247747,-2.7369446794341523,-2.1609423189788526
168,2.0639124967978977,1.4988391117924786,3.6408838960225403,-6.41756624475398,-0.9867128932564746
169,5.711171578430267,2.5259740465363754,4.808962114489117,-8.828240024043465,-3.3949738268876155
170,6.057556319920792,3.1950512027175124,5.4568275730838,-9.830524105318597,-2.3631027178765254
171,6.013819493524119,-0.1106072032646977,4.00237173736569,-7.794609950928008,-4.450855388627675
172,8.275895383265656,3.928759707712285,5.694315212810366,-10.98576776412775,-3.1250558962066677
173,4.041476828903453,0.19179864516010603,-3.5952830826783164,-0.9879287543754318,-2.82227894569776
174,8.559373270752399,1.1630561443083844,-1.1728259508747605,-4.821602245339098,-4.204412404103148
175,6.988849500503422,1.359114159314197,-1.4098081548372439,-3.2457705755906328,-4.578327448404853
176,1.5193988056222472,0.1044985442015029,-2.1328261728075297,0.13948815406993648,-1.2308389567221267
177,1.8971469876935696,2.915696338353102,3.540450875366649,-5.216819268496117,-0.6096657516581476
178,8.80373507997925,1.7111779115728318,0.7910924267153496,-7.407624404765812,-5.455544254238202
179,6.277207867312865,4.8151220810773925,-6.484792683791424,-3.348896960643507,2.0031339338754846
180,5.714508302102959,0.11913008557890854,1.8545663489588162,-6.714859619984393,-5.622135627100017
181,-0.8818326850096092,-3.2186231894614554,0.8553574250024263,-2.1161339290747367,-4.281240961816684
182,3.6801078355140135,4.968714953851556,0.54384214715651,-4.147726610630065,-0.9161801284378903
183,5.672804632354441,4.92781385068521,2.0226926118219435,-7.8015368889492684,-1.4122686906519062
184,4.362312530870843,0.3154803772693031,0.6962075923359976,-4.54284896535191,-4.866473517546263
185,7.085300882768981,3.377309234018232,-2.794733804668088,-1.4807733128281015,-2.6952317928749103
186,8.624563407095243,6.841530571142146,4.257026443404308,-9.999023657446493,-1.4796612372653648
187,6.501886465488875,5.238530034466643,-5.85840153801923,-2.912751443173143,-0.23335498829892776
188,0.9580998761620747,2.0826281666366766,0.24462030477794144,-2.8350499973292123,-1.5903594485293968
189,6.092135680514875,5.461033661972082,4.054476543284057,-8.835463856995267,-2.173183286281554
190,3.4240672797772684,4.154029588329933,-0.9860272707490896,-3.010748672844664,-0.42508482802524605
191,7.526099124721676,2.5389566836041646,-3.2070395627995514,-3.1518075699245065,-2.4275854362049514
192,3.990525222105873,2.128577083115915,-7.122637830470653,-0.6681011749115856,0.8432933957472586
193,7.419546008198293,3.6123763708672603,5.354990212931828,-9.683615582912111,-3.6667003868228503
194,1.2256304018235178,-1.8485371985330596,4.799927167490329,-6.858859407728804,-4.8892255691208835
195,1.5200719556472126,1.2179510834641054,-0.765960046357887,0.5622095256833874,-1.5267753837775035
196,6.7666501291453764,1.7668380665681152,2.115871241381969,-7.756801586831589,-4.533586976700056
197,9.601195948963065,1.9203404811451112,2.3534361397201264,-7.124377067349982,-4.962461540835177
198,5.843880136689915,2.227950105056164,-3.3274213717986356,-1.9171364878373152,-3.972033666111776
199,8.187003346894608,0.931139787555542,-0.23336525556623625,-5.042354545191261,-4.846555366707668
200,6.6528284254827215,5.588684369707841,-0.4017381475414217,-4.502267423265064,-1.4706332772944293
201,2.054965399492275,-1.9936446334555507,-2.1189088958204314,-1.0325351224010368,-4.268747059171691
202,1.5677311474051314,1.2764314074107779,0.18389761672482247,-2.0497297457585133,-0.2714071504555797
203,5.903230907970521,-1.431263643632946,0.8145341247208113,-7.355329062906274,-5.09738264903844
204,5.930740744980088,0.7824523041297899,4.5935792575537135,-9.521063536747645,-3.4543516309889006
205,6.995243311848792,0.7653060842430752,2.6595514508028186,-6.830013653992343,-5.386386743379498
206,4.355647090370749,3.4074167773176933,-0.7824139090399569,-7.5290968268391145,2.004182558619746
207,0.9500383462480378,2.3610381684988613,-0.701616654355403,-1.3789695013689625,-1.0212189162244325
208,6.2260803989935765,0.3301304125713039,1.734603262896269,-7.294726746924829,-4.556384163188717
209,1.8357382755212126,-3.8560857868830247,-0.7583029125708244,-3.238223433382272,-5.204072822076265
210,5.95334948347292,0.9083266164432429,-1.8831752883918582,-2.3127115211008964,-5.234122223590858
211,5.669290289360614,3.042177926942963,-1.6852872010284905,-2.390401879641468,-2.1423747069735954
212,8.699452075382878,6.5537229213618735,4.611799824041804,-10.016403504217354,-2.570787440337966
213,8.803800284339633,6.748183543818271,3.1115226142773422,-9.976195574575591,-0.7677184012492745
214,4.436404296844922,2.111080078831954,4.58332904593332,-9.022601204273466,-2.1301678491423672
215,6.886224200786912,2.41714078914268,2.8565012435616026,-9.639331437627442,-4.818474843291223
216,5.3054297318987516,0.5080905855336489,-0.8332970388534355,-8.316314540923956,0.5563168021585643
217,2.5811174155253584,-2.9489732800401867,-1.1543289972648345,-1.3888473618129529,-5.277102013541217
218,2.51942499831374,-2.599214712816486,3.9366426305423405,-6.183143508809771,-4.003179847300608
219,3.2618512490723983,0.03943434400343365,0.9807929145404282,-8.045803571631565,-0.8692025329087092
220,5.99614545162186,5.420472082010911,3.873682502025812,-6.918808136789557,-1.217026304929532
221,5.730099206869764,4.886009948950715,4.386001955486907,-8.915280644756157,-1.4087550686423977
222,9.35374329157271,3.6254963601802666,-2.9103846726372384,-2.94218181850079,-4.503759275945422
223,0.8436318618843738,0.3461837450861107,4.057880858707879,-6.217856454984652,-1.3734804940358138
224,3.8834970280790895,0.958884519323669,-2.829123037419148,-0.41546244262581106,-2.1877769659320276
225,7.7163651650073986,3.557519857486739,2.3776825135613633,-10.196717583182034,-1.0879704482138572
226,9.651747467356891,8.50030021335134,0.9110830193989823,-5.84771499689628,-0.7403792386456873
227,8.100436115270039,4.284346575569287,-3.5992716246804592,-2.783135596810009,-3.0190014134131076
228,5.9183127529122865,2.1291672796362096,-2.2205735332886145,-2.121960871349429,-3.0454232723096823
229,1.6629263952980957,3.5064232531511457,0.09777846139974344,-4.2012191256477225,-0.15966421917423157
230,1.5154261204464903,2.162089951608106,-1.9378919431927901,0.2696032397348091,-1.776494210972494
231,8.534125209174576,4.3947828252969385,-2.9130483202219737,-4.014954102276861,-3.6093568420453455
232,7.14437313283806,3.6650576547843206,-3.1883143201381063,-2.948224154514749,-3.2609704064488483
233,2.3323692705630013,-0.061983931062016384,-3.1781747812585475,1.2423298312118547,-2.0630123631021307
234,7.646990275695321,5.617676940204759,-2.7529153398201025,-3.0291593283094844,-1.8376542532821656
235,9.4070192948788,8.032329748811307,1.1140461907789634,-7.593502049566766,-0.860681615760843
236,7.919090480020723,7.22082472059308,-0.007321931055653874,-5.377989427502715,-1.2648678541395086
237,1.0946628209209264,0.6932472977635449,3.4006966543305,-5.898408709937758,-2.3845951479215315
238,1.2215192636818117,-3.3343664564751165,2.5263303804183304,-5.165635947052902,-4.290362215608528
239,7.048194525595563,3.042026785440817,4.9194266382524265,-9.618183374023204,-3.309962356003818
240,3.818551556739073,3.389604324853704,-2.460288156277957,-1.28597641573084,-2.300362734236243
241,8.526880018510273,2.3298066232559647,5.535388045981764,-10.13428166979904,-3.2547512574515087
242,1.9998456807823128,-2.4297809618137656,-1.7600469982606881,0.5617768219907533,-4.387972130785154
243,4.896895386921525,4.230212465293422,1.8876217437437075,-4.044258908140465,-0.4281496088509763
244,3.654416518875121,2.7379081246913155,-1.8304329221677702,-1.6109512429099895,-2.130429791563023
245,8.09392082914047,3.0705689858741496,-1.4419178949712754,-3.313357370693923,-4.483745695210061
246,1.5243182751341462,-1.6857765630399273,4.196662848155687,-5.8402916505095295,-3.9013178156953754
247,1.4418468979661705,1.6887830643644222,2.9243407499955696,-5.419873952662532,-2.154323467264648
248,1.0454167600671216,1.1042595569987665,-0.9420396588815919,-2.1789475361929123,-0.4346564678376377
249,1.3313885010846158,-0.20063211551006022,4.966658987235585,-7.699650309664051,-3.7363296866739675
250,1.8313097032570718,-0.1328949843668188,-3.0039144262422632,0.22070591522252925,-2.5849219229228475
251,7.40295470163533,6.276466521513098,2.940623220263903,-7.666360201747817,-1.6516726891604232
252,8.778002016059373,6.527000567180677,-1.751517919258835,-3.1633135920098723,-1.7144594978500687
253,5.574345162596615,0.18340312358230737,0.46632002727798755,-4.098209835678461,-5.274320358027915
254,6.253094512069381,7.141397879601005,2.160048965934246,-6.677933918161638,-1.0794697278834264
255,6.951153155438982,0.8412970165028008,0.12907209417863674,-5.517876690001344,-4.584434927332652
256,1.5484986930577491,2.0061333174702103,-0.7852693191332119,-1.6098480557769894,-2.0428662547240375
257,0.9937572592338295,-2.454867345569393,-2.2679914401816577,0.7413856002009542,-3.933466031816007
258,5.686755384416162,0.17827899379250733,3.579635083719379,-6.830981444240889,-5.392856796801296
259,4.651361466063823,2.662029440774133,4.861082681352523,-8.493380783153205,-2.14320360233724
260,8.166610495447236,2.3175790269461283,4.446295519886921,-9.587794224493019,-3.2914454602194207
261,8.430523837853272,4.800023973184792,-3.078098714211045,-1.668710757416297,-3.1041742115200175
262,5.679053136142466,6.187543895535476,2.4101958867098414,-7.7222965211326455,-0.5321415033522596
263,3.250147532885745,-0.8123225991846432,1.8466813779218527,-8.092853812277278,-0.8831486843044121
264,2.138111157369272,-0.4791422317613132,-3.6150975372701795,0.3311782485284994,-4.826890522905494
265,9.29701087185053,6.662179647342313,-0.6177948669662461,-5.279377573738069,-1.8093708283501766
266,1.4685590746158868,2.45056140580073,1.3274069969420108,-3.9524197903694613,-1.6592213766123214
267,7.477964231468085,5.986646135485778,-1.491974857941586,-3.9916345982278636,-0.35069022813004574
268,4.983355206798673,1.8329244635091173,-1.751357544603452,-0.9814395294991054,-3.057216794472277
269,8.328495833709795,1.3829326322842115,1.910760652553197,-7.720852528103614,-5.076836118521767
270,1.9932746809532478,1.3950446992609846,-1.249225084243752,-0.6734556331630471,-2.082235079739296
271,2.8649771581176573,0.9115337296016294,5.609909192159589,-8.722722400673392,-3.3724723106007364
272,7.794645309940341,6.893463084818977,-0.39901751878645486,-4.737823568750741,-1.0722629712489546
273,2.6548629596153255,0.8757549036349038,-2.5729760672422106,0.41823923053866824,-1.8946177690007608
274,4.195869994392839,2.220560003981441,-2.45179414999278,-0.8906152828196617,-1.8514250276565951
275,8.400606884151467,1.892565295022667,-2.00348746964464,-3.8955660583402185,-4.694100356046644
276,1.0459290088529591,-0.5984325676835521,-3.176008088656638,1.821321731861855,-2.3696752996895567
277,2.0964442621432147,0.774870381543963,-2.4615871008205565,0.6453447895815472,-3.443671899024286
278,1.3368189867675104,-2.4398753250308816,-1.2215330089590513,-1.2164489379176888,-4.815831016006129
279,8.740716091546552,3.523910600073468,-2.239428108116096,-3.2347159845439233,-3.515206474561289
280,0.5413271862199893,-2.492437614028462,-1.659852569807054,0.25376632235372565,-4.1566153205755025
281,2.400089149985643,-2.5921099379679404,4.007074944934945,-6.267095732476697,-3.41184477151892
282,2.023509390613645,2.9242643826013968,-0.37130045478660134,-2.5207540345839536,-1.3798377899780996
283,5.894479680051077,2.804890678467273,-2.2698468837358345,-1.5478229401660428,-2.4953184246255606
284,6.300905550366576,1.6510704432882954,-3.314284040012886,-1.4958865305874707,-3.658262816566002
285,3.9199830759026324,-0.3507253378557478,2.237786650218844,-6.653617693509732,-4.969698202886923
286,8.039112936921175,2.511419628323783,-3.334372554836821,-4.125499171739793,-3.7251981411219024
287,3.334735332562732,-1.3137845287096455,3.860649017764916,-7.434415668350451,-3.949955604263876
288,7.32813253063026,1.2329102786013282,4.590850116255782,-9.52896146274846,-3.9387927894254617
289,6.671844166934346,6.385620468595066,1.1079852615368533,-5.945382703687937,-1.0474839759992698
290,4.829726907605301,0.4573372688368855,-3.1242747769774457,-1.3744998156711952,-2.4243546133826595
291,9.33975893184607,7.903743792010307,-1.7518220590367115,-3.7643806440811582,-2.059993427833098
292,2.0797029665926887,-0.2857467314924877,5.044044971237864,-7.513915129241304,-3.4834417308206866
293,8.646228448810314,8.02171520754022,1.1324685284923892,-8.099744732268825,-0.7896914125967105
294,2.3106539159364257,1.9970958244278134,1.0123567506860178,-1.8839039712312131,-2.0360831245039033
295,1.47840232051317,-3.695918986247812,4.19801108945499,-5.8813396079149305,-4.648042901464622
296,8.812303001762563,5.992251405735778,4.8983718615629055,-10.24552898669978,-0.785815005560015
297,3.016280141670435,4.59760335788301,1.2427718473084741,-4.993775010384188,-0.27974335182986476
298,7.7142856890108575,4.328966343096156,5.28980763486339,-10.660755870949595,-2.640469864057739
299,2.514220957348457,-2.323051279812711,-2.402240172826767,-1.6926922835831903,-5.143341837787331
300,2.908427305726143,0.6021889627259496,-2.6656480375720704,0.13467443000765306,-2.249801196490903
301,1.5454207053549356,-0.09281032668713368,5.0164868253284265,-7.492663992589774,-3.4210882191250014
302,2.0815221459808066,1.3390275512803536,1.592737966438929,-2.664951399941617,-2.009245078918826
303,3.3857524263630716,0.3528486050893098,-3.1733400801433733,0.05545944742054143,-2.899562288606041
304,6.7816563142406565,6.472921138204932,2.0291793437866534,-6.97000978779221,-1.3249049137993878
305,9.001803775421664,2.7230425350132053,-2.549906111550033,-3.832880856874848,-4.261217687367202
306,1.973136662027805,2.1305736756843676,4.102787393632517,-5.831456262439183,-1.6883313920633443
307,1.7700558339801533,-0.5568323891012799,4.995557132464809,-8.236245222485053,-4.507523498915068
308,8.340937737464975,2.5913432266391356,-2.1864284539298535,-2.0847851059998694,-3.666177705971417
309,0.7608140708494402,2.164760986885208,2.2915477057175333,-3.436468990681255,-1.6200915383230237
310,1.4833310152581038,-4.042521631985179,0.6072635006104345,-2.7964644811095254,-5.481021677658493
311,0.5996963858628173,-3.5513681717258843,2.172026899502468,-4.08213692474407,-3.9703431065092225
312,8.378016108008318,6.552359159611981,-0.23954518322433227,-4.225539551987373,-1.6717784267200546
313,1.7684292806468649,2.3261813666829765,2.358252082119202,-4.652220860816266,-1.359790012240887
314,7.804841122112037,3.8407378370449368,-2.5011533146883105,-2.1476788012055943,-3.6048860176681625
315,8.907791689219131,0.40721938967660143,0.43521213034452566,-5.580084087645374,-5.071211068023977
316,3.3052422953444016,0.7019480304674381,-6.640833260057718,-0.6420308290169142,0.12370661077709821
317,3.577510072933289,-1.1866843083350174,4.000033545272732,-7.0498680367631765,-4.147877046809231
318,2.362140019562308,-1.7599459825969594,-4.691407296650415,-0.3520819721750258,-3.5394163864365926
319,1.2992317358335943,-3.328438023340364,-0.3024634200159705,-2.3203332368368006,-5.677075125813567
320,2.0925755359375384,2.7458134460606285,1.9171886070602422,-3.785913653690189,-0.715875338860662
321,1.12434582935548,-3.5745877622873823,-1.241008197777164,-0.0908023887173108,-4.457856598478517
322,5.632416356171255,5.943375680000781,3.501799531427091,-7.822550240033134,-1.4361599532148417
323,2.2707728780250163,-1.4650467940633662,-1.714919997800584,-1.1731070076423076,-4.82872718066417
324,8.642175478035613,4.563161323722169,-2.45132084425605,-1.9621238212774161,-2.6609024063930082
325,5.218039096718289,4.299363841166723,-1.813234647331689,-2.540122726953199,-2.638916043373395
326,1.9133854265835164,-3.7283944563369023,4.66809850020219,-4.300077175942589,-5.064250496932935
327,0.43534554158198857,-3.423058664635908,0.955314591041381,-2.6060161415212337,-5.918388946520605
328,2.546492582506117,-2.2152993055177523,-1.9489052058630394,-0.9465320844998908,-3.400290105012567
329,5.355949173220887,5.1879013202870174,-0.3024038098022631,-3.0568146745360134,-1.0222799731675287
330,8.561657054443632,4.395210970256954,5.107329963407451,-11.38408471818445,-4.423558018490974
331,7.763241932709026,3.992278615920114,-2.351558416235736,-1.8902218068129255,-3.211514143840141
332,9.313541013466407,3.438586475270509,4.367302278077889,-10.746152239735045,-3.919411939394752
333,7.466835006163429,3.440191945002138,4.888104018440977,-10.326164882003747,-4.108452229120235
334,1.1079445152031007,-2.8826385573222018,1.884924946284418,-3.41582608171147,-4.962315455213781
335,3.617276394931854,3.140632510277653,-2.2395218947415527,-0.9453565580396368,-2.985704720383965
336,8.505270232513263,6.74529596196218,-1.6836318693722077,-4.7639362012856274,-1.2515596416550654
337,0.18965093900385233,1.4511867777842402,1.9174385781778376,-5.604675286910825,-0.8976987494072113
338,2.6989228213299117,3.5281637212242756,2.236876903171372,-5.698323535304363,-1.0063470315023058
339,1.8430751676495793,-1.8204658235352966,3.8752949143886317,-6.299711466022239,-5.452100719676746
340,1.3500551386357877,-0.7087109675212387,4.384764019946991,-7.718955262457624,-2.8550795637459383
341,8.868673571810945,6.796004734493815,-2.2059796620050944,-4.0295522313457575,-1.4162538342946507
342,1.9197262820127459,-2.6787681558580307,1.242111740793475,-3.4647169303106575,-5.2636834248273345
343,6.998771278716597,-0.0003125094952994012,0.2640365441613103,-4.703949139076744,-5.683159068203779
344,8.851976750844955,3.226492413328147,-0.8053522259169228,-5.623659898104742,-4.795914079516875
345,4.081707902498022,4.573417433868512,1.9026164847864586,-4.920428096362748,-1.0180810820333008
346,7.342945708949972,3.075334142834252,-2.1253237980152653,-2.6152461167950007,-3.5487682562016283
347,9.766585063145786,8.115532503232151,2.6028864094442787,-7.777720189724465,-1.5309349803482355
348,4.006234294362342,1.8149182257164893,4.631288051813524,-7.685883270692596,-1.9365589122839555
349,3.5255690911578337,1.0543108064742022,-2.680393118501497,0.023807664177475152,-3.5958838363926993
350,1.285643037256748,2.5141242540720827,0.28304874113579087,-1.43173653080079,-1.716632716136387
351,0.5526828213069931,-1.4414484023196044,4.716835838985373,-7.077001895109707,-3.3594649855760723
352,9.168882633750787,3.173087091265965,-2.1419148162498574,-3.68167565474811,-4.02645028352003
353,2.1036046589415838,2.4413554271088085,-2.3307286215949596,-0.2334109906828345,-1.3727402017478454
354,3.147197614703702,4.745304519334275,-0.5110381193347094,-3.627781366663454,-0.41206647636416427
355,9.042317523261593,5.835750409791648,-2.477674847318159,-2.7540470280475784,-3.6874263425649425
356,6.307961800184345,4.964373139289319,3.4142707358453803,-8.718503572290725,-2.5419492668017765
357,9.362620845980901,6.585821374197622,4.146655274273587,-10.649383354446503,-1.7724293053693123
358,9.161714847483827,1.6447873161496385,3.7389716413816014,-9.843666416920904,-4.155558124137214
359,3.854988785390029,-0.5942888755568274,-1.1169817693617983,-2.2529997097776353,-4.017152641063712
360,5.964614602534442,5.909424986540919,3.0122649592566524,-8.348445385356689,-1.7421680924441336
361,4.632872948579599,4.84654613074355,-1.731956469384381,-7.56193590931341,3.8330475941449005
362,5.494806422040864,2.510743974497391,-1.6795744919726716,-0.9984836947956921,-4.29804550789723
363,3.329737028173306,3.7896548227681923,3.5962554700533613,-6.94474621668364,-1.8727564071279665
364,3.9982472183001736,-1.6735857969164334,-3.2779517400914857,-4.93514823953833,-0.8122971628767208
365,8.312808332376001,1.8319291753224536,4.711944502061737,-8.113676760098414,-5.803437323077691
366,1.173149336931854,-1.1408762473013954,5.719832513153366,-7.00448747336699,-3.391617991607498
367,8.066578561520297,7.347943705583976,-0.34013582359537076,-4.691405555416471,-0.7690484927338708
368,2.8327130700818413,0.18490556707758654,-4.013432550390287,-0.14935194880958494,-2.38394573450724
369,9.598939963587993,7.352989845349252,0.4372137465786844,-6.247050411765274,-1.0201706392662209
370,7.137665545735506,1.400574152607544,4.826479666802203,-9.759890086104372,-2.427812836339829
371,6.9671704327756,5.5724390289240135,3.9235585017341235,-7.987562061628257,-1.9103563208922303
372,7.532786830336432,6.537154108324847,-1.5494943530813017,-4.257729898992381,-1.3056468850874356
373,2.050581029072723,2.9423974471870293,-0.26548368073991446,-3.485292368735473,-0.7286986600145058
374,7.145450263989081,2.233789131148349,0.8177273192974741,-9.513845268133483,-1.8001233173521998
375,0.8460192448509362,-1.6538466582028628,5.44837643462574,-6.708645649380216,-2.6293149422193443
376,5.34513591704931,-0.16629539535408283,3.726596315339403,-8.14484231551655,-3.9753793294350097
377,5.38861452283396,4.595291569732454,-2.812005279816832,-2.3088230643448986,-1.7946186183738853
378,1.6755695480017514,-1.161759480988971,5.18515324313287,-7.159960768838842,-3.0659389085056423
379,5.993111888943895,1.2052162471017458,1.2738658902138391,-5.057638760815005,-4.211870505648056
380,8.55118469361788,6.130464489251201,-2.0502966980684065,-3.3156299182746847,-3.165180214371376
381,3.362986863608291,1.0297561525953458,5.005024942223422,-8.484127330713148,-3.120763835459161
382,6.830614449491106,6.883048877944134,3.916010833966041,-8.714092769887415,-1.9908246827780973
383,8.588272734475627,5.963303355714125,4.484755399303968,-9.688621758207221,-1.6678228820295078
384,6.614960622466128,4.776941907010339,-5.97951926986698,-2.7579806258809483,2.1640858458541796
385,7.641907251911619,2.3489562847648124,-2.886117826207945,-3.8416594575879413,-4.661452418873113
386,5.997510775014199,6.25212205679067,1.1821307686243876,-5.247051811799701,-0.30886611957273624
387,-0.4718900890075164,-3.377524432930052,-0.5965127437036424,-2.731419869315387,-4.741598401302926
388,2.157093469105144,-2.0592806641444446,4.256841456880524,-6.920076170285462,-3.515000396220685
389,9.359056888343815,5.839108591188449,-1.4382619014837175,-2.989775638688416,-2.2231495500848677
390,2.5864508722676325,1.9845053968865451,-2.728077366739397,-0.36657705969227894,-1.9127683619313374
391,1.6422001239738886,-1.4392418507180291,4.003758406687395,-8.141448270382188,-3.798873999031877
392,7.476529856232455,3.0768422182229105,6.223177545778487,-9.961363471390221,-3.768730007370743
393,6.5928343609484745,5.480374904204153,-2.3411577092264837,-2.855671067675994,-1.8815661173640916
394,2.2964570351295754,-2.1733506272767893,0.09868752264695713,-3.195250484744661,-4.972923270530143
395,1.4681103255266224,2.5844156431596823,1.361075256187792,-3.257884803868401,-0.8787046529255944
396,8.155163084756257,3.126281362735767,4.60579825627599,-10.024386498177975,-4.4881894185570825
397,1.688081182433425,-2.672553632950711,-3.2333608597071875,-0.28921311191126536,-4.089342432437584
398,8.22438078266792,3.681091444197643,5.215345056718843,-11.05445283449213,-3.3046983807966224
399,7.9261505188598145,5.829348449334982,4.876227762918141,-10.116581157332243,-2.0139634337456096
400,6.133901878977821,1.9818752088173013,4.839311503102003,-9.296049890451798,-3.0185822406964316
401,8.709389211315488,7.03151746585991,3.3902600334236803,-9.174951047786426,-2.5814918382048435
402,8.964721104032675,3.289572427570586,-1.9513841577150177,-3.127160211352274,-3.7300653815218707
403,3.8043779190432785,-1.0341128633158814,3.3986430016988542,-5.95605708788855,-4.961929199392944
404,8.802044231912056,4.561002309905224,4.667794004967882,-11.001214132289157,-2.013427222192525
405,3.7154003709687005,-0.3478904887019768,5.070679694897366,-7.107842543828416,-3.9874474000313813
406,8.47531115036833,6.993577135314509,-2.2234774358188676,-3.9142388404154853,-1.4131653629629763
407,7.673619889379481,1.060779931118413,1.5899744634448942,-8.912440107688544,-2.8553603792519313
408,1.4643204942978765,-2.8706401475895387,-1.396580002854037,0.14856252401975234,-5.382240275089176
409,1.4968812550811497,0.19689290899518352,-1.7203750870397854,0.2195573193740569,-2.4021969692105327
410,1.1665105969280283,-2.178707434999605,-2.515161234136405,0.24414766828079582,-2.668571212975969
411,8.843414610389921,6.887649889615937,-2.138706786959103,-3.075494321857175,-2.1919667737916635
412,5.277241415835776,5.273325640068345,1.4224821293727623,-5.635451482848891,-1.9096283772096787
413,1.8619605189949595,-2.0579740336704777,-3.329845966581865,0.20615214804990778,-3.2594114893876593
414,0.7498797525519423,0.42727997938043116,4.529457478181081,-6.7025355778337055,-2.1807729936252507
415,8.129724367910297,2.825270665614236,4.122008990863279,-10.888576800697448,-3.2880322691277253
416,3.7923935516222747,2.5916126087938016,-1.11782442497365,-0.6572503022492815,-1.5560523964434418
417,9.552555322444945,5.0546330351473605,-1.7416321894990174,-2.6668508300301528,-3.6733342122688724
418,7.413495998554629,7.137684767583843,0.5982959908398392,-5.01061026699835,-1.7493078183909325
419,0.5231542916843358,-3.2112042877102995,4.4447439459974705,-5.216967530753885,-3.541714501060165
420,5.7610479576669285,-1.4611314247850273,2.7596554004724516,-5.632048389466795,-6.157409499314387
421,3.0966573573633713,-0.22838937473393617,4.8800428628238555,-6.8850493619489965,-4.245807779966083
422,1.0076915271506244,-0.5981096645850671,-3.2180320834451543,1.1256384546056633,-2.2312506265834458
423,8.953564819423647,3.9844415907105013,-1.679168964811176,-3.3859437024258483,-3.0951900805842447
424,-0.5921747359693162,-3.1839024857204308,3.1021724093355303,-4.014793428430715,-6.192089028635095
425,7.92200300177857,1.3042685596119976,-0.16342656416525117,-6.258280098763641,-4.715092858544184
426,4.607176124156956,5.164891377898124,2.018218721010074,-6.329907982755343,-1.7046525990387236
427,2.3598558963962755,2.115001766677048,0.18222588940901518,-2.2870271978950174,-0.4285040981051448
428,7.314546014496363,2.954063595751433,5.948730045522131,-10.119863526529384,-3.241603234840876
429,6.945627055325298,2.117196479492412,3.2759907646983724,-8.63718778810674,-4.173865526199878
430,8.968260002128748,1.8137020938085806,1.9578371253189424,-7.426743504153088,-4.347375012098297
431,0.6864009014268673,-4.223187770931235,0.44738834120566306,-2.0324561203306457,-5.680491570525296
432,7.030031355258108,2.030346449582102,-3.1758996680921983,-1.7433039789886662,-4.259199144361054
433,6.616415048151364,3.0283818585106768,-2.904287366695909,-1.9110805340391248,-3.14507398539361
434,5.798901402709095,2.776182127631905,5.981407582762919,-9.164536377856313,-2.6381794074448375
435,4.029923654811513,5.0930668375193315,1.2726433853264636,-5.419224700720009,-1.308865402419463
436,8.52227723347645,6.000030213254445,4.77814414031068,-10.739777145154688,-2.2603673970045284
437,4.6686797446254555,-1.0063671222782244,-0.7718755641229167,-7.674395911674801,-1.2005582510727653
438,9.270905448664386,6.5005946093834694,-2.3845421251882586,-3.436239490917692,-0.9110030434615031
439,8.078494821130393,1.5111347216541753,-2.301612608726623,-4.711144922552945,-3.2551400237084693
440,8.577914202209797,3.111159079290685,4.570632478295973,-10.579654350277705,-2.573371775142715
441,8.014263782758789,7.952288292682407,2.150991645886864,-7.91315356503947,-0.38884188381509277
442,2.2925467422892543,2.141142262678892,1.8777574669063695,-5.6271442223836905,-0.8696279054116215
443,8.796173495126936,1.640588411919207,2.892707331297019,-6.884656674641948,-5.28966882304946
444,7.382050100173155,2.0087636129560487,-1.8629433260637298,-3.4495645490817224,-5.225476051386
445,1.1632099848040582,-3.036116040760795,4.6821921704123515,-6.92651311493861,-5.00706025339553
446,1.488090675990354,-1.2513069168862645,4.112539549073112,-8.128681754543807,-2.595096175521597
447,5.600618208774936,6.822010756612079,2.5447144610544137,-8.194967469987784,-0.943066936823435
448,1.1444644292484825,-2.853917766529639,-1.5530565872853945,-0.5496480727074673,-4.384478713561224
449,1.8119701669237096,1.172680886822583,-2.37325253052313,0.20237911384488722,-2.749302741559405
450,9.632493406039334,5.571697445293177,4.850183066616651,-10.970843643599245,-1.6883778198647967
451,9.581279098881335,2.1134267261401343,3.749803148161741,-9.168371114883325,-4.255771752491327
452,1.6390461426937204,2.0782498743425553,0.23792946179196062,-2.1906396430857793,-1.1192823343348444
453,5.523500376433085,-0.5581728808633395,1.5606791908313569,-6.685487132436834,-4.739706757300026
454,1.6764632961050827,-2.8879475287429948,1.8112150392164357,-4.962117929704196,-5.216415761208287
455,8.710008589164477,4.742402247646726,-3.18243424315591,-2.2098915777729617,-3.8824836236960065
456,9.816865340757742,7.764158933068798,2.611803633754877,-9.456538045004265,-2.5238249864099016
457,4.747010901726119,5.033025740367539,2.9426771930355358,-8.337141984840514,-0.9217717816376787
458,8.876570923725247,3.5637908273579164,-2.2716204245302323,-3.5393320841297387,-4.2966656689276075
459,3.0609815140670595,2.473488031841579,1.9579374013626394,-8.49402023966692,0.5967076115504235
460,8.145562665502633,3.657556647627404,-2.6245467498592663,-3.7111258380368,-3.453931173155807
461,6.696903726643718,1.8659044779529554,5.067181748657928,-9.28541319649156,-3.760616097218157
462,8.923383870520048,0.3456151799989058,1.5936917177170606,-5.83893859656899,-3.811563319759052
463,8.30346558196671,7.0582534285652745,3.346818147720371,-10.308378190060282,-1.6040293468927995
464,9.631046825651996,3.975631941948322,4.01050074978223,-10.720605832443844,-4.059670632665911
465,0.4775997752857324,-3.4236887104863913,-0.10732935577285874,-2.6252550128707197,-4.095439282855894
466,4.61808834276866,0.7581794494336305,4.007052651299016,-8.940973617995116,-5.230742757251022
467,1.5508624008597367,-0.07721005395704528,4.92327263238356,-6.42152183295805,-4.453732912527198
468,5.918916417436925,1.4436493619407138,0.02774713369965459,-5.636272607026384,-5.032697897779972
469,7.692659937180637,7.3037987879583355,-2.0032076772871457,-4.923652033840692,-0.06785319807650597
470,0.4528977000419354,0.8470436820778146,1.9201401185450024,-4.529857892653338,-1.055778565445198
471,7.878711850845424,7.583232897577061,-0.6369616829032965,-4.980544610983296,-1.5330999551031066
472,2.238501748042541,3.7769306354353938,3.092043439110536,-5.934177371371527,-0.4163108272075974
473,1.7300467561204558,2.7045633122482053,0.876243010175018,-4.734061452613908,-1.445274045573706
474,-1.4900893368915122,-3.9423198900309835,-1.1604705429931252,-1.5564649211562398,-5.581138778048365
475,2.951939063897795,3.416633475951256,1.2700786305274985,-3.358037836462304,-1.3127819086382955
476,7.227578757757279,1.9660859820139884,4.730908835016586,-9.749547618071299,-4.512450312418055
477,2.6720640543523557,0.9006183692284544,5.331281603935996,-7.581989264942907,-3.1057775142949606
478,1.6639280574136235,-3.4071454096308624,-0.9711604009089828,-0.9608422556869725,-4.800586774243472
479,1.1107709589706238,-1.809021818327513,4.8186924278092285,-7.341172552826064,-2.5573985968529858
480,9.272996960644512,4.364911443343014,-2.349038501710835,-2.362343819033667,-3.830609029675375
481,2.8384717830780675,-1.9672852044219757,-2.1044321444872915,0.17151931998308012,-4.2757851940425295
482,3.740161724456103,-1.0582988440020085,2.788987743349095,-6.350374775654316,-5.033604140889654
483,8.060978024878999,6.206292917400784,-2.7480886537036366,-3.292778367498204,-1.8729738743715778
484,7.207069095288943,1.7297199147859144,3.005819604256109,-8.61528828793726,-4.240721508216246
485,-0.5884207876110551,-4.626906197171392,2.000918579204172,-5.740704853498704,-4.319913292674195
486,7.573730292085718,1.170585815753626,3.58199026910622,-9.339867987339565,-3.3721112861627933
487,2.36258607823629,3.241186096726435,1.4903135576710043,-4.137884335267621,-1.631223268204072
488,3.689610859124023,0.6151907042627183,1.5706759158345194,-7.698915361161314,0.2181715657802979
489,8.599107473965185,5.420731342432659,-3.205950929929957,-3.268477420202986,-1.900107917654622
490,8.141793594385012,6.698678549884792,2.84295525157906,-8.57487012494257,-1.7111225809363764
491,6.719672804646571,2.4206770078880218,-2.15962917941855,-1.473123221762186,-4.23746775489399
492,2.0272239887979397,-3.2400989490125487,3.611707550967279,-5.18452212727705,-5.723730364942195
493,7.224922340416422,3.717822163192659,-3.33931333395832,-0.5608683516344348,-3.285706991156516
494,8.744074282389848,7.517102502614275,-0.01631567631126174,-5.1698735508102525,-1.2051856540711088
495,2.8264865413915112,-2.3577403738947535,0.9523188118252706,-5.851833254553048,-3.5088359080971783
496,3.850750412088252,2.702973867583679,-1.9623596191821864,-2.2226858984554676,-1.71749621691814
497,8.94749053922313,7.660610854782915,-1.41073292511425,-5.15818461897453,-1.3048912721320045
498,8.043183040808433,4.713896069335615,5.259551428661279,-9.77533926152937,-2.794870576988353
499,1.9448011902685571,-1.3313058271496943,-4.196015746774694,-0.15499161592318525,-3.211161695905371
500,-0.2856282801474561,-2.704305229051644,2.2770906119115404,-4.6439569496676185,-5.15998502420792
501,4.275306643953621,0.6835967343472077,-6.962490237236871,-0.29081896114164985,-0.5868760491828668
502,2.1301489438990644,1.8017765836474562,-0.05326590895881038,-2.322256021520361,-0.5873635737219544
503,1.778868606488095,-2.097656117527127,1.8369329226919116,-4.722404951778154,-4.146640188307913
504,6.203833448083752,5.2339149544401335,0.006162591936502815,-3.733578338477882,-1.0238344832757362
505,6.411397972218071,1.4807630706020267,-1.2905963114537453,-3.350140438740308,-4.942163228683979
506,7.8807819479833565,3.089360920376272,3.9510835729727716,-9.367423944291904,-4.303386728970481
507,3.754846083025668,2.835305364302253,4.064324982000464,-9.360349409252722,-2.3675437540384556
508,6.608725351507605,5.40421705098194,-3.0842886803724574,-2.5033848216556067,-2.0878358119124707
509,6.87931244437567,5.826256518303782,3.9599127951514856,-8.994707262974087,-0.8009353423312654
510,6.704695490615764,5.224555941445131,-2.0981252666645007,-2.8646735945041852,-2.8956357612395465
511,8.414235121452064,1.0274144025574101,1.1757112023248069,-6.257964588342553,-5.548882773086081
512,2.084136704334192,1.32799021295383,-2.342029850364304,-0.5320533187902214,-1.4525052391206832
513,2.312939931375797,-2.528650620551726,-0.5490984304119834,-1.8280838020497416,-4.6733629159694985
514,3.5033692283563123,2.4664215879025657,4.473657763746238,-7.67369917207205,-3.1056726853038152
515,8.132402137439815,7.515111017585847,3.561191014667732,-9.742264073476125,-2.704536249976914
516,0.785082792639925,-1.8011236433413342,4.538850683083358,-5.947548445069337,-4.563270059252751
517,1.7847642349866062,-2.3992038024449944,-2.051982900541129,-0.45905180868610845,-4.364526449918973
518,4.221579170925948,0.1326837707486535,2.0369114982197254,-6.968084164025643,-4.938287719940725
519,0.18152738472666574,-3.541453378362702,-2.0310941715848507,-0.32783919856926547,-3.975684280853082
520,1.9258150047625695,-1.8709443412864724,3.9872837669664762,-7.414966057941109,-2.995185184385007
521,4.102717364692446,3.4396697621059413,3.521033624542725,-7.3170581344239745,-1.5789342705281098
522,9.606517200497194,4.5165111611465445,-2.283108959849465,-3.1023967611628835,-2.870305361078083
523,3.075521764884804,-1.0605850306605307,-2.3699118039913,-1.2051950622145575,-4.416707290699542
524,5.548762415558289,0.1839444682330833,2.182689440001343,-7.337840140686781,-4.7688348839524375
525,3.1646945090349314,3.6784680762558275,-0.6316504680357311,-3.2131696810278743,-1.1385600517520682
526,5.6873582719611795,0.8288664773002434,-1.8305733086329625,-1.6858419211956444,-4.305333227543877
527,9.019922218118502,4.715066147086098,4.656365375200719,-10.840917077286813,-3.2496973319672424
528,8.903964803339266,7.669802454222312,4.098153974440086,-9.05610900224834,-0.9768071511519633
529,8.36689146645266,4.7693491387173665,4.361708020371611,-10.828271812331142,-3.4788961924057267
530,6.559580036768112,6.562440760970537,2.0809872394255153,-7.012803298620639,-1.997266967924842
531,1.9847476162351012,1.6942434382685017,4.513337435280421,-7.066228193627722,-2.3276298215861084
532,3.2190008857243666,-2.2450596876044235,2.5587729153323417,-5.993335587701981,-5.7329039904847265
533,6.731443234210166,6.507107834767791,0.609134283142921,-7.843975185779717,1.109142069155424
534,3.5482993225211397,5.075961137737664,-0.2866678202531424,-3.563415747173815,-0.6365503808646877
535,7.037641920817654,0.8592149446837304,5.556657076005327,-9.801262668172278,-3.8047456021983783
536,3.1016049359784224,2.923995328212817,2.8073962489573656,-6.288058287988087,-0.3955029742880407
537,1.6884560904706971,-2.777894194159591,4.984228253839987,-6.580577590529392,-3.81003241447388
538,1.3542052597103065,-0.3466798464502949,-2.359611376035106,1.2046307573083976,-2.5423509171335157
539,0.8213913529134551,1.9811988086789976,0.6518446786048945,-2.199059608249449,-1.3076317111694775
540,8.988508433657584,8.212457065544669,2.6961210609850292,-7.208306999107677,-0.6193493250371405
541,5.7511516859430385,0.6551345599616727,-1.1541852271659878,-3.8045748520831353,-4.766486400063123
542,2.9515124983023187,2.1411859311898924,2.767934654006088,-5.801306172106742,-0.5363104553959118
543,7.278967314481155,1.6351553697679293,3.297452495878884,-7.994273318340728,-5.920835656373016
544,8.670233896429554,6.30076004186923,4.500714289410691,-9.41551631679979,-1.5239117602808379
545,8.807911074768123,6.522729732501764,1.145880938640031,-7.867556121484569,-0.33629708850319184
546,1.8978970413164746,-0.5211094184231384,-2.939331736245436,0.8640679611866926,-1.8983593312294738
547,3.369132538059759,-0.9762967928097924,-2.036959275206679,-0.6093092194149488,-5.037988824277753
548,1.8674302517672563,1.2440097455001407,4.499693047359458,-7.7077193442277565,-2.172387665978877
549,4.825758075485188,0.13005036724236008,-2.3331467229437726,-0.5057424075286694,-3.8814015928694072
550,8.243060457878668,7.965708674031256,2.264957522288734,-7.24474766440891,-2.489866276359889
551,6.089018123352641,1.5500901133253302,1.929616792383578,-7.587365899430308,-4.034719332733696
552,4.96701949223732,-0.8615345615349488,1.280351300149788,-4.705776517108553,-4.888415077633392
553,3.63963501818765,-2.210283579494411,-1.2997749535332315,-3.591219811169231,-4.062199293692299
554,3.2962387992637576,1.8394917287344965,4.187750473995274,-6.967080539704764,-2.744383810796829
555,6.813075565071309,6.199136377469761,2.4599638908865993,-6.6187785761172355,-1.5976539517766712
556,8.417480445677787,2.9205480674898436,-1.4959197334295717,-4.134297480638727,-4.956079371407494
557,5.367446890172542,5.557196194980728,-1.656210263680006,-6.32665180527292,2.365995274712011
558,1.602054447423613,-3.6185660671113413,-0.2843036774161495,-3.1207678494049467,-6.133576097759105
559,1.9058333939762735,-0.9558952965100801,6.502924635817163,-7.539020369104547,-3.6912082338610577
560,9.043625584185309,8.350847379364893,-0.49597381244632055,-6.727749488918138,-1.091174859172801
561,3.072873366955502,-1.4628407927069442,-3.0138424867756286,-3.4573652953918463,-2.3586451475226546
562,9.424065952876457,4.388418412784551,4.787624400037922,-11.093806356018806,-3.6235371340131812
563,7.797746947786261,7.415401460770711,-1.4099637262552576,-5.1296046065757945,-1.5021676546862706
564,1.786784203152536,-1.2897953996414628,-2.475297562548138,0.3706260126244351,-3.9786154201195645
565,8.46760584861489,2.366013295874485,4.89287156054605,-9.959789077872383,-4.263404445037433
566,2.4340137870996004,-1.9858213478661662,-0.3864070185428512,-2.86699632712874,-4.969981192877659
567,4.054193777224145,-1.155745519089354,4.318991508486544,-7.092422961428761,-4.497921935387107
568,4.639102754584871,3.6848461251808033,-0.7258462747868828,-8.744257654233861,2.2393091177697215
569,1.7915227450742712,0.904793131519987,-2.741786717418518,0.8171967734997638,-0.6851870732033956
570,1.5818207766220687,1.1115607170927477,3.1674268017776694,-6.096388296994449,-0.3682718012241225
571,7.126915894300954,1.4289349625814693,3.67058144028406,-9.15377833069684,-4.4376936036557835
572,6.7482898087700764,5.23244565321554,-1.321559925186177,-7.067798473591124,1.5228347888195723
573,8.036506434681154,3.8833816880893153,-2.6980821371502772,-3.77743934486958,-3.863972247734118
574,3.0205662538864217,-1.5767759296401886,0.3204149128119894,-3.8904969451418774,-5.10453240431924
575,7.229929860586713,2.32924744948727,4.69891897527577,-9.675127964118806,-3.9991319690822835
576,-0.9127799382131933,-3.5607963345067546,1.0983585281003756,-2.872278860202394,-4.553580064574291
577,9.143322550085433,3.330669981916489,0.15871524547362034,-6.507660722366133,-4.9904601233929196
578,0.4430028628804895,0.7231631367843759,4.795536227904894,-6.600430578330037,-2.3933319098391306
579,1.2868723653328649,2.492282876969017,2.494570272820042,-3.0776782549690838,-1.0222429651041853
580,1.7573056743978421,-2.757459110856777,0.18040425439914431,-3.9855928622354897,-3.702720349625427
581,2.7604631089104283,4.159617556741728,3.00487043503141,-5.528051225476097,-1.8856251049790769
582,8.877301030972275,2.6865340266486424,-3.6068930924906826,-4.124441300987112,-3.1541561478613147
583,9.4453641705235,1.5880335695963959,0.1424868031753133,-5.876380398506289,-6.1886463506189795
584,7.875655566144507,6.996991822174245,2.3915710279986,-7.43611876065342,-0.8344415047338336
585,8.895395549064228,5.26865025002915,-3.388942739979685,-3.184845613047025,-3.4432290110645853
586,1.0904486913035105,2.3288566410642604,1.5692440606884328,-5.671997097743113,-0.7824132951954225
587,1.6598015920098925,-4.624296066759254,1.2824216543140692,-3.821770521881131,-3.7204885812936173
588,7.848523795240438,6.664991319220308,1.3268745537855908,-7.879696998440099,-0.9026651037343711
589,9.354286740845025,1.7607679704275352,-2.2230302753072295,-3.7869354445684715,-4.039157404137969
590,2.494795950899216,-0.5786139812731734,4.752124567531078,-7.488376841822089,-2.9595350659177315
591,-1.411634098630522,-4.041924375062029,-0.006410887257504383,-1.98952751465204,-4.615418240255721
592,1.8788481303843771,1.462446884470475,3.444139713722562,-6.682960986511955,-1.54906777154957
593,8.296898846995854,4.670725365020859,-2.246879153416371,-3.494907494334976,-3.4261948553633164
594,3.110301076914565,4.018438839825339,3.2601218956354083,-7.743684997260795,-1.506988026589878
595,2.3984121856540956,1.8287702396422174,-2.106874000686561,-0.33384459689549484,-1.7767889047143637
596,8.999707449100777,8.160678280243495,-0.8806275838527383,-6.192435061269361,-0.040817727494566136
597,1.8728014952145302,-1.469579296776521,4.035817512387666,-7.088646465636992,-3.0998185638690425
598,4.023566632532614,0.7502187958575397,-2.787084073456658,-1.5743094983415575,-3.2770318183918206
599,0.624178581701786,-2.143683313954123,4.537121237979454,-6.536464868409499,-5.291799927673029
600,4.369613419723264,2.83776425169023,-1.6855977513868967,-0.6209855828496027,-1.2425766698480074
601,1.9856152578951598,-0.7392831193385481,-3.133061350911695,0.8228629859354122,-2.872077501200305
602,5.150880357812297,4.276559619893138,3.4079615533566567,-6.8621075386176695,-2.087860633599375
603,6.611925991328308,4.8056679702353255,-3.133997885035479,-2.424842362651876,-1.9354529179449473
604,0.9645062327123193,1.8435733635752487,0.09829410031718262,-1.943324444580952,-1.40344213624834
605,6.148993717057193,0.6322068746929898,-2.7446020361730303,-2.3925796315703365,-5.499868101796979
606,0.9182761534472412,-2.8727017731239073,1.3099215746463089,-2.667425768704016,-5.959685819543178
607,8.599712816799226,3.019324372688643,-1.7653563004348092,-3.4302676172149416,-3.5159951471840136
608,8.10388980609699,6.641881865769347,5.321415816193635,-10.18550486453043,-2.82457982019563
609,6.840889652529529,5.16463161031126,-1.9481424182063471,-2.871111502742219,-1.7591368011050061
610,8.820724104117252,7.805787617476788,2.7528448133722585,-8.152185513745762,-0.7657752788139836
611,3.4176648276369543,4.028535791728557,1.3474517159066286,-3.736700070579407,-0.5592705338995421
612,3.6411833809318903,-0.10699936007377953,3.80718156360905,-7.170647796384128,-4.13289623423577
613,7.3712155914499515,3.965038829088071,4.809256662431482,-9.452576531967585,-2.7494305105223704
614,1.7949457865492056,-4.0064316168744964,0.16512844930818613,-1.3528667965868468,-6.08476539966652
615,1.5126346091380738,-1.7283356380481654,2.9167916814216093,-4.735834660933564,-4.552249262220449
616,7.806552732478604,6.862909669041065,3.7915445631131544,-9.907708961757507,-0.674756632068846
617,3.9775049274807457,4.613396380947096,-0.8685471030105966,-2.7135190916501832,-1.0739373899809124
618,5.297567791007947,5.166279275251158,-1.4578627545986482,-3.548263620019131,-1.8949873609363994
619,2.861204752530154,-0.9273702571210651,-2.49280570107109,-0.6977818714975901,-4.777726524329768
620,7.279012593509314,1.0223763587320471,-2.211583117100999,-2.833910819426664,-4.055107421167276
621,8.549308215591518,4.050665200637583,4.465412559463612,-9.24534685492155,-3.372337464949654
622,1.4285478958012026,-0.025428580520841806,-3.7247001970617126,0.5931178975584539,-2.0195131790514624
623,5.233909207248118,4.961827073699204,2.8801402053350014,-5.569683916372836,-1.1621602567061537
624,7.000549273950058,1.5953106784245519,-1.0846010970308022,-4.549148295957158,-4.926010761129971
625,6.156073520735332,3.5582370537852914,4.820401307035636,-9.36702629605383,-3.1209151560886323
626,9.333187348059784,5.6003002038530285,-2.7593983493851204,-3.588005621036072,-1.9719161863094867
627,2.0136543582709896,1.2306718052580408,4.64360073724958,-7.349853411338455,-2.226219590549431
628,3.876846862694494,-1.622061024377187,-3.724911628556264,-1.5814312253470446,-1.9230933381528985
629,5.16323581518969,1.1070569653576912,-0.23647229757197288,-9.207611659126632,0.9253550490388026
630,3.1435907299834023,-0.5329011279280983,4.785213733037438,-7.130809187901873,-2.6835772695480844
631,0.7320084814705206,0.4347815622245399,-1.6941390997914323,0.8090871382631014,-2.3471225501005146
632,1.0176642027595446,-0.6025288852137312,-2.9902992879119576,0.9298030655761523,-1.8101588995048539
633,7.480395774637539,4.762808619331542,5.182395223450671,-9.298865473414372,-2.4235338538180518
634,9.243556758094595,7.9562541168182195,1.5006276384852995,-8.243663657614603,-0.7140241742124931
635,1.2480990904442122,1.8861557918063927,-0.9435694397899643,-0.9764708102512384,-1.4565947780108348
636,4.014581698326426,4.099350653509311,-1.1905453030243562,-1.5946218859916823,-1.7398655190999301
637,7.15352810554128,1.5787305078080451,1.607227599360302,-7.391934003629621,-3.867755387063241
638,8.991932083410795,3.091990638979407,4.7094039627649025,-10.745577616032167,-3.8282621727434827
639,7.669960753882228,8.389983337107607,1.7103767901077536,-7.138914084590391,-1.697307346146958
640,2.4697461782389114,-0.08180223401914481,4.514471674273447,-7.324751266494353,-2.472354531981004
641,8.917773789859881,2.223755021346426,3.664932218582311,-9.78077232982872,-4.764100964441336
642,0.7266101797027065,-3.009371983732238,-1.1302871464738524,-1.5774883462229299,-4.603900882498462
643,7.019200567782201,1.0691119457807847,1.7169080480787116,-7.235292651236307,-5.542928089364241
644,5.58738201343729,4.195974801774732,-3.1269682278004667,-2.3267142171010757,-1.2106676984160618
645,4.653080169751711,-0.9868538924710695,3.3602632064456865,-6.716837832186131,-4.717915035743097
646,2.44330566122151,0.9842607971461781,-2.995006594102124,0.32590975857799304,-2.731911615598896
647,2.012129534413736,2.528820192511469,-3.934681388339931,-0.7980831708810745,-0.37730607605323196
648,5.048354786069484,4.020592911606147,5.027538256336798,-7.998225113061704,-0.8556610990899347
649,5.0188463616362124,1.0552709980059083,-2.64155620972909,-2.0931103725812776,-3.2284761641612443
650,6.25185703633873,5.60860291633656,-0.6544956487566238,-3.381702410450549,-0.893932002686343
651,9.073897748095346,5.39187438605473,-3.155136259130935,-2.5057775343171977,-1.9280886270282833
652,5.305444093738883,4.261157835681245,5.366921427888649,-8.616512661072493,-1.6673368983495986
653,1.4231525341655,0.20022004189445375,6.040401435773136,-6.695497554127683,-3.4170201191808145
654,7.2786528324140845,5.589978521626064,-3.8200673681009736,-2.4069051494977116,-1.3003143942729891
655,0.7499622507950818,1.780657852982649,0.6890822659946285,-3.2104060439643702,-0.8231061622162434
656,2.972207395993565,-0.7611266482457475,-4.080580999015458,1.200389292320065,-2.296179446424247
657,2.7773321017666173,3.1650210340596545,-0.038319445251879,-3.4713732422756887,-1.3343520864925174
658,7.464038993685571,4.555920717847799,5.458902415390733,-10.434325987123891,-4.181678713391856
659,5.514015023976995,4.805899619536016,0.7638803509571807,-4.784551675733281,-1.1638562567477615
660,4.621404249363401,4.083363119047167,0.5534436033306191,-4.032842422366025,-1.9844075082314612
661,4.702799701660239,4.786217852501764,0.5185020707783112,-5.007820598485764,-1.2183414462821758
662,1.9623422258682108,1.4798451951175462,2.7960003858816727,-5.91302917989438,-0.5767189761078533
663,8.551222787886244,2.0315689867564055,5.097864644815681,-9.798919788528373,-3.4543014058051584
664,8.691065767617118,6.4218445200599845,3.598946287315298,-10.428232346441447,-1.879108001399747
665,4.487729535959893,-1.2808803815220675,-2.2813612265276886,-0.9988405996023073,-3.7660126069823234
666,3.7827173923743835,-0.9138899641140297,-0.04122739543948739,-7.729060130416285,-1.0100248230701294
667,-0.044552988433630425,-0.19248144399713762,-3.0874274735829843,1.2448852294752006,-2.6754973284705943
668,-0.2765595552856078,-4.406047222464328,1.5173847978576553,-4.3972263966093195,-3.8134703157769696
669,3.1479176142427523,-1.4274686068288829,-2.3419526249990565,-0.631270044252925,-4.244188964360544
670,7.615778497258706,6.8816221408240095,2.1393036529284117,-7.280597058396838,-0.9215173682993825
671,5.7151249931989545,3.7646323528981855,-1.3776319037233804,-3.035410656092772,-1.0138387888436147
672,2.6183339145101288,-0.16435113663518158,4.804674032823199,-8.88226799447207,-2.8406537082774475
673,4.013792735533125,-1.88206687345755,-1.0707514554704975,-3.0153789532981303,-5.263193143735842
674,8.858993855896692,6.779793595712208,-2.9450233414470257,-3.5499216399369065,-1.4822383873331628
675,1.7823597993105182,2.552242880810133,-1.1196995681944266,-1.0697716737298468,-1.337350689881881
676,5.47090787837854,3.8455566954894103,4.808904180336523,-7.989382099336442,-1.2652993445045593
677,1.7074776536565808,-1.8597419363822616,4.518373179803745,-6.334071778063912,-3.532257134382327
678,8.568335337989302,7.1979555549863505,2.333736235255853,-7.882538161255784,-1.0732920141407976
679,1.6913205419257165,-4.718798485437478,2.4472912553948527,-4.472320654800925,-4.002570510821936
680,6.785882529170697,1.554182063824954,4.624981874907346,-8.876493302017026,-4.790826102724415
681,1.063845331286543,-2.032326550214238,-2.1305065525064744,1.319206447000057,-3.3699057078833814
682,7.750509262412287,3.173740429684354,4.390746057080861,-9.856377048936347,-3.7666843329636635
683,7.62854405805775,6.782809004222463,0.7710770254070705,-7.092918918834716,-0.7179142093833932
684,3.528713987136981,3.9644535796524454,-1.458054365415663,-2.304343466224937,-0.8235981571011199
685,5.325532408931828,-0.3400090459066192,-2.0153464505713394,-3.212436605450158,-4.393536343524542
686,7.51016891972175,6.583540416820965,3.4054609744118363,-8.641079776026459,-1.8090134796358663
687,6.642523971722116,5.11793064072224,3.1538252359016723,-8.743865040873295,-1.7575152621755652
688,3.3808284733870524,-2.1542587724636917,-5.091899388275179,-1.854361478855377,-1.3720174204781845
689,1.3282840481197005,-0.9353526066797309,-3.1254369383653007,0.9516211220319435,-2.0621584538621986
690,4.248567172718994,5.638460171042292,3.0842218797921204,-6.382513152661177,-0.9870339099533078
691,4.850041890506404,3.9346635228673446,4.848773544652347,-8.396971048509142,-2.984272417723074
692,1.2051455501183508,2.7564975176650752,2.699778791681147,-6.165908309618864,-1.7130910614816535
693,8.448880065830272,5.165812409516494,-3.7365990453690014,-1.8351798594488429,-2.5173427544260436
694,8.694874898092039,3.5952135541975023,5.004100812319822,-10.3620773356937,-4.048802071164759
695,0.8215202157568403,-4.1873076043262,2.364650752126574,-3.8051394951003474,-5.398193320627498
696,6.4984198531746795,0.3207156493152169,1.8104996732479453,-5.200429850826652,-5.809773424196573
697,1.6783583656216057,-1.2842055755307946,5.21670025096477,-6.748662981799687,-3.340063314861937
698,7.7845167955132215,1.5742876694793033,3.0307354803419515,-8.394335025151278,-4.013797571927422
699,1.0390657085957542,-3.833701028567525,1.317588815446938,-1.997529031469177,-4.959330293302468
700,0.2760802842135819,1.9131240226457582,-0.5256245352266805,-3.3220563211394194,-0.9370383388388835
701,5.663936819826978,3.161522518367905,4.641392158811736,-9.842688117675335,-3.837724585164875
702,0.12680851978775398,1.0095713784195355,4.295912241143592,-6.565961118889878,-2.2348619166904853
703,0.9205080091545887,-3.858344616355653,-1.0757156185583752,-1.7965881284813876,-5.514941666189671
704,7.785522169302563,6.522826047560604,2.7747477539103116,-8.438379002766872,-0.613232434816933
705,7.59064168571528,3.956644314917262,5.8765771464101,-9.814548746118524,-2.4003498761150057
706,3.3733983900338256,-1.131592165010908,2.180608676978332,-6.972508246893942,-5.1521687254095605
707,3.3242104207279,-1.3748935216734546,-1.2281873460241317,-6.21535066367263,-1.343404678465694
708,5.60582392668234,2.6081981675672754,4.851053570395484,-8.691918519407295,-1.6414390686528337
709,8.819731222522071,3.2832955955837564,3.73221379715396,-9.824124436341792,-3.4366769091999836
710,2.096090571369885,-2.440780704764473,2.578298552385145,-6.474229888463987,-4.944344686926191
711,6.948038637904906,6.653488448131027,0.14118704551988426,-6.5804153210116745,-1.0742297782469488
712,2.690775808642739,-0.47303483674717894,4.420207903535875,-7.964354631610135,-2.9574210144877813
713,2.503062636719428,-1.4937346863766452,-1.104216745835224,-2.522335674136764,-3.9640063328248836
714,6.970991985205559,6.615303373252544,-1.9587297481712398,-3.2740749512577834,-1.484445064268698
715,1.3124118002006104,2.2263926744552314,1.865618903246291,-3.814042628465802,-1.1064734899938864
716,0.5096756478851269,-2.333181826913637,-2.1886313529963553,0.504017791902098,-4.9536674361460715
717,8.676532623256424,7.135422549415269,4.444301431302423,-10.536563131124712,-1.8592621032218075
718,2.299282764371415,2.585125586026783,3.6184587627323688,-6.418333725109513,-1.7841256715872273
719,7.99635816340958,1.3396304728512143,0.44086702773312086,-5.574956173895681,-4.7306306809892895
720,7.037986653000385,5.035740447196304,-2.03650928025444,-2.985800547987386,-2.540150559492415
721,8.994042195363976,2.817696955843514,-2.56009117029277,-3.0696230406207143,-4.296041393551264
722,8.9378871929349,7.90568391430838,1.4232735181542195,-7.087566681367985,-1.308089969290228
723,7.434950440984751,6.730660768115152,1.7322850783443289,-6.761858020116448,-1.193073955982216
724,5.42671972707419,0.055548793246870086,0.1246653667295251,-4.019032996207804,-5.336747113802708
725,2.6928866983063617,2.119151867979541,5.648674616459865,-7.4499599195089266,-1.1254767183220407
726,4.955132036322261,-1.5035894235036595,-0.4048803883318608,-3.9838812881698695,-5.566444379489643
727,3.1438200088321477,4.360677525880697,-2.034593732101759,-2.025091279311932,-2.7597932039545574
728,8.523774932365843,6.131139944339793,-2.3832537131035902,-2.961627852198375,-3.592418788172173
729,4.525616984076105,2.2363203370621845,4.105853363043202,-7.4345254583098015,-1.6849145953913085
730,9.157321261888207,7.469646867553198,2.863189882776995,-8.148210737264103,-1.162061077033145
731,1.2804107092538484,-0.5102995245791065,5.882431201891168,-6.7955737648177585,-3.5006176251923407
732,8.361966118807242,2.4669876753822613,-0.5960620062641396,-5.795240843475221,-5.926905701057315
733,8.210016148850181,5.0132845980956775,-3.3778729756663526,-2.640427459775634,-2.2485882013106275
734,4.752316320437437,0.5308772120859129,4.107195255271212,-9.546518429447914,-2.5780351353244466
735,7.554505953078092,-0.35500936223325796,-1.1162616361455957,-3.3555665030415915,-4.464896498315949
736,3.0101879122183557,2.7255952575135445,-0.7196146227173814,-2.2283773469195283,-1.7891186209042074
737,3.374452565333258,1.3321394931062551,3.964450745973707,-8.164261803471257,-2.851823202264876
738,2.013016250697178,0.08592082001334311,-2.7378368201920313,1.422234566804059,-3.4837252120774846
739,6.49422101319193,1.737773109138268,-1.5392579051512345,-1.954967355869515,-5.362968715438356
740,8.723070224836064,6.586397346521838,2.183549946270638,-8.688592537257527,-1.0794301562842274
741,8.38718161448474,7.821159331972184,0.046310422786204786,-4.6201536832822105,-1.178991311927221
742,0.6393488840551463,-0.29096877406829036,5.3826723957904585,-6.885347260359678,-2.2744554418043266
743,1.168559655235732,-4.654970233712284,3.4970063521356933,-4.0414013880223605,-5.3089254867460225
744,1.554843037890086,-4.468758357158354,-0.3037187991738197,-2.8700250615757086,-5.101959061795981
745,2.833933349687295,3.2621845309619504,3.2653977021102305,-6.387006873139358,-1.1786424685021624
746,5.511355956037406,4.605067630204439,-5.65953946711259,-2.266888127725359,1.9367266403166459
747,7.648927465958334,1.0075180472470784,2.7151899071668466,-8.817258034845757,-5.600654868882909
748,7.05690113612798,2.070305235340188,4.1439220394256155,-9.253530969738302,-5.2181947241983755
749,4.45058354241883,3.9916368027331597,-2.775209197723226,-0.8085442406799024,-2.63322890481522
750,8.21038592255804,2.814288911886567,3.6531317592535757,-8.91543544436456,-4.117204269140631
751,8.038409410992266,4.859766945524246,5.249231502835463,-10.665249628633346,-2.392599411670597
752,1.3601360906523923,0.19892634783738106,1.8016340427155701,-2.9081740522714465,-1.148707597345712
753,1.041568477395602,-1.0246658921810536,-2.3803981620232273,0.8872248912836752,-3.2124181734309323
754,4.3188041403057476,4.36955117708806,-0.3343829940845916,-6.915497045495252,2.6527930475751327
755,8.71017490537439,5.048389347615428,4.804806469158377,-10.459655176786345,-1.9310465733387285
756,7.1957403381991725,6.25834304637895,1.896150785210646,-7.526418819066631,-0.7333217916135069
757,-0.10769039725297436,-3.215995512927439,2.278502935903477,-3.894054699125833,-5.465052759494829
758,6.938373548927709,0.19074345174639012,-1.9897532853142972,-7.122363308450647,-1.9614654078513962
759,5.797749166072172,4.207122822403746,-1.3003564181590463,-3.432339402749404,-1.9061314311766817
760,9.152751989860127,6.215179360149268,-3.199528484273559,-3.311046367085194,-2.032940110164993
761,4.6308127496954565,1.3570433758426386,0.5957600621320173,-5.714544443347121,-3.832985885838063
762,7.983597306821123,2.364998115777589,4.248539949439086,-9.28093845850106,-4.0608529588535065
763,6.573881955689756,3.286568812906576,-8.260708416428344,-1.2722856328219634,0.9615499381504714
764,7.680697949367444,4.936588161895726,3.9623320918938507,-10.810328418953263,-2.8573879045500346
765,8.516762417017826,1.7250065677476187,3.4825946665862246,-9.38296568783858,-5.115823106452934
766,1.0130390195693566,2.1500091436474125,-0.599353618522528,-0.1997287134274809,-1.4217362490023362
767,5.136473062095089,-0.018027570367092627,-4.732423408234192,-3.8121330337732013,-0.6933372918118974
768,3.0562677953057547,2.283056856181659,-3.64233151113786,0.2481675216753505,-2.0303195263081015
769,2.0278806296003746,-1.9805603771830196,-2.4239826206960746,-0.43534342024543793,-4.085334479026707
770,9.261546016959935,6.4280037616870835,3.816429680359936,-9.643776222304156,-1.474207134525142
771,5.486471837192501,4.821876771752398,-1.4304426022441843,-6.952680643706435,1.9839691431293291
772,4.355643421261906,2.4450132420911372,-2.877946169634034,-0.7941051134187301,-1.653183893697008
773,9.119384003608612,7.1774944817400455,2.6077124558917495,-8.792408071694558,-1.0695610140137393
774,5.0183930036247135,0.9063856895284554,0.9956332468426004,-6.232424073820411,-6.463581820432208
775,7.715175355240055,7.1512380686668315,3.504878184813159,-8.741115577373852,-1.613445800149734
776,2.0597948746881993,0.7946904548705169,-5.4902416173504465,-1.22759111951297,-1.1582262727692745
777,5.63789130575758,4.385545933634487,-1.5043080848862962,-2.502077640493404,-1.0501333487336917
778,7.488009070735202,5.191774231956465,-1.514735773983826,-3.016491882498796,-1.6304362492575346
779,3.222096773343225,-0.9426322547317361,3.4228528033313896,-7.515921781478959,-1.8010568274810663
780,5.962150253427881,1.8490186534744737,3.5423771769338557,-8.072100750382676,-4.279529178668834
781,1.5756291972537477,-2.580447842495308,0.6391380937970883,-2.3829598736915374,-4.5010760173928235
782,4.632973450769445,3.398349403387068,3.2430103604420344,-7.79892661279458,-2.2518441412960852
783,2.5751262188697295,-0.9016707972646506,-2.9930729218224723,0.46356045191016765,-3.233485325010836
784,0.6861193544633521,-3.565732798547338,1.8455327773782892,-4.608234286673778,-5.283289581548345
785,9.660798917627867,7.160374316135496,1.5342316322617109,-6.614583888405523,-1.9520556534383835
786,0.8619453351989105,-2.454002014560659,3.839196450233949,-5.895868334953185,-4.8098840177653965
787,1.9535319058189455,-1.1582438766993517,-2.1997764687256947,0.8493627278848128,-2.6575305539838645
788,0.16998501772995167,-4.594083379775113,1.4074946513235744,-4.102521414363196,-3.5921782887185962
789,4.143003331587427,-1.1561838062073897,-0.9977366235688836,-5.824314769340351,-2.668659597883909
790,1.1450078919253186,1.3566741640606752,3.1558471874769642,-4.466685547372743,-1.1307898457802215
791,2.550584105360599,-3.025717741796869,-3.6837820178490186,-3.123707704985427,-1.7876242818679027
792,3.6649286594511388,3.8393521667918153,1.4231891049948557,-5.414571153685365,-1.1219369843778333
793,4.772898913734935,0.869620068943314,0.181837490082437,-5.404832256004383,-5.35495480287088
794,1.9981163522510272,1.3697831989320957,4.610266725165282,-6.5875469989084845,-1.1584700528206846
795,3.266819527987087,-1.707009956216294,3.7350106942379164,-7.21246654516006,-4.671259607031953
796,5.490436860684357,1.136966755989444,0.9003929883817072,-7.77315483913549,-3.9015031387208907
797,9.232455278114093,5.341238658843754,4.401756134931983,-11.128184061135576,-2.359819964492899
798,7.770395814232262,4.040240248628668,4.207997014475135,-10.494095672942413,-3.0283419023719365
799,1.510769263599838,2.579596831276559,2.2917449365289633,-4.464045549779246,-0.7246030610376818
800,8.473583135258506,5.907832044369576,4.957438391670896,-10.494423834284369,-2.905495831840905
801,7.993720628312539,7.724407673116041,-0.8349254841754904,-5.263011285842756,-1.5531393040425652
802,2.7634100701680016,-0.09767848196412299,2.4338815030933882,-8.49172682580998,-0.691331014084783
803,7.961644930657213,5.399022496075859,4.894706037985725,-10.212311964608002,-1.7849645418690658
804,5.2343915521119,2.863525232693566,5.216015157359296,-9.630457892859395,-1.9698151560800747
805,2.157447535009574,-3.443052884381686,0.3770315866680716,-2.6211910972719195,-4.222403898322098
806,-0.06841143526161364,0.7820090946893756,4.239493123566793,-5.779072151194614,-1.9480286759144185
807,3.834433304961252,0.09877980055264748,-6.655570261490993,-0.11920354690288648,0.14681818038323127
808,8.902849795860588,7.879777422112669,2.508271715535255,-8.937236073875303,-0.5766295252430852
809,2.2009993294460903,-0.6731160084222103,5.512976685513131,-7.020525494213905,-3.526249325589414
810,8.677305983259911,7.474826021561899,-0.03807690619517712,-4.14736964216625,-1.1488002754040822
811,6.4673741585509825,4.636840455749693,-0.5295374913699249,-3.1370389039130715,-1.4964894690827342
812,2.234796782690086,2.654589987004287,0.3758343750145323,-3.6389199736738997,-0.5990260268233741
813,4.040267266864857,-0.4652747789616926,-2.4933874717061406,-0.6355356567357773,-3.739278978106259
814,0.5289311883154691,-1.8871004477475446,-2.6755383070246803,0.7243982982619936,-3.4607229495762084
815,0.7668322280606843,-0.05155284204132623,-2.4561104734118815,0.5993688025615677,-2.9868097243116676
816,3.08239561791411,-1.17502445864071,4.202435381686371,-7.431691204215008,-3.802443521650662
817,1.182884457958396,-2.157527157061103,-2.886812544806181,0.723823055567145,-3.430369529472443
818,1.673189690078673,-3.8866935210869604,-0.9935146817556696,-2.1662958143182784,-4.535688037603632
819,5.902144849400957,2.788175406340887,-7.180777908012139,-1.2620064105106619,0.9832264687609085
820,4.625615270961148,1.6810033313970436,-7.86163739547988,-0.5998762632444067,1.2313968303729772
821,5.536855901376539,4.941445921820944,-5.6318810151981555,-2.6727887015919176,3.2590670139185205
822,1.5491196807742915,1.3211397118902597,4.548933604458424,-6.8271871166046125,-2.500595822650517
823,6.268251566112297,5.753327486909404,0.5800700000631244,-4.702876623996362,-1.1744067152434072
824,3.2484392719916637,3.850073406139545,0.7981315568881262,-4.192280246626452,-1.0728290802579123
825,4.2918734389871505,2.1125394283126417,-2.8187814613299738,-1.251662071777641,-2.4844430580960104
826,2.2966191039982227,-0.10256459317324529,2.7970849896360614,-6.03730150774006,-5.294129626784819
827,2.729504392226195,-1.617205674199135,2.3855612094098824,-6.14599916567133,-4.436891625690534
828,9.107496264305615,7.9098771594888575,2.4768863856779584,-7.519128855882463,-1.7511057313745177
829,9.180790555803519,3.179154956993566,4.214079035012483,-10.908745730478232,-4.132334134837476
830,4.153524007352636,-0.2584970946019682,-2.6765860078907204,-1.5964168243338377,-2.89783699877446
831,3.0956408178689676,1.1850254386690666,4.2281545202661475,-7.514601602381718,-3.034529613611071
832,5.546402598679257,5.971767569379551,-3.660438967038352,-5.527538721217894,2.3332732026224754
833,2.4849229576220537,0.7626294425784563,2.6249367011073024,-6.810687861508515,-1.4584474985315206
834,7.6526979098728845,5.943495904742555,0.6913315054723272,-7.550898949888259,1.2534870617715417
835,7.721222719821808,7.332854713650753,1.0987482076274488,-6.527964876880882,-0.42264069195452414
836,2.412778028104089,-2.251423559053957,-2.404009312672345,-0.4018684778041903,-3.9347887129934636
837,5.324502132187027,2.0956411954133287,-2.90650627293174,-1.3251561713858548,-2.847172832843213
838,0.5522787142492027,0.33319591705593454,-2.276608806885688,0.8931022696432209,-1.6609736976726504
839,5.056432217855723,1.7613051602206498,4.470211470311174,-8.944558077741538,-2.2133789571166376
840,8.199660942230576,4.067086917815551,-3.3214376877114242,-2.8664211994164868,-2.8744804117633183
841,6.852023554948222,3.701040568530105,-2.002131211646431,-1.7330582113495372,-4.07717268058662
842,3.5174413047318205,2.0791818801804185,-1.6081771539038292,-2.0266856373287077,-1.895915864610111
843,6.952412550408069,6.739999038902181,-0.6808057297552111,-3.8434242444532813,-1.1947588108022438
844,1.9545578614800516,-2.133244089736333,-1.7443415782859715,0.9900579813197233,-3.7742163497921877
845,0.03480941368279078,-4.108663034172966,-0.16842303424383026,-2.081399191002136,-4.667749118329405
846,8.991171517086663,7.594103167375295,-0.7343438110803667,-4.808657326497919,-1.7078969139224869
847,8.486118268349427,2.741693064396804,-1.2676816084069389,-4.2943111513049255,-4.807640917129721
848,1.2555041078535576,0.6796343382021606,5.129949179476854,-7.433886312262403,-2.906125770450618
849,6.0102936181037805,4.020407410276841,-8.090111068668687,-1.0970956491235078,1.266324321812047
850,1.9759073703086463,-2.8365801006298232,4.00975120260404,-6.6625675268434135,-4.9191838552301625
851,8.280624895668096,6.090507240439591,5.739002411260289,-9.590457259683895,-2.7761610810489823
852,6.097906378064783,4.151105410754461,-2.5709398041510596,-1.956717742324413,-3.480153406036237
853,2.2628288264294265,-3.1187973470455503,5.2299627893036265,-6.805230795880432,-4.086532853504757
854,6.282610610075882,1.6676671121098376,2.2513804862797993,-7.661758644507932,-4.637953394943043
855,8.237970238744472,5.902659387902544,3.7678592013164725,-10.266670657134306,-1.3097228384480393
856,8.068699338880315,4.434437660575017,4.546336727923696,-10.596511923555155,-2.5398560777992008
857,8.083925360751099,5.0301564305934745,-3.2837810017818705,-2.7984352286287106,-2.3104794895702088
858,7.7835022554023245,2.316681431146363,4.7886936169619565,-9.355889213648227,-4.395852750418362
859,5.5955162131312735,2.2530433963786356,-6.543422779748079,-2.69045963445714,-0.3765097219579028
860,1.7122408366878645,-1.755743966419664,-2.137192936834399,-0.02235370997811853,-4.199645660629721
861,10.094261057067655,2.4950196310375565,2.1870907363928684,-8.215236789849769,-5.386855522689332
862,5.544683898327848,0.3259722865783815,-4.08164137028154,-4.976401938964975,-0.9994787431369269
863,8.235350707787155,3.1246914910395365,4.426824008668985,-10.404208072567167,-3.3790514636160807
864,8.866797463052205,3.589210857647903,5.247268737768776,-10.61620616996748,-2.505987482754612
865,7.615454685900004,7.509780933970217,-0.18729024612831885,-5.290318475345457,-0.3414435147616154
866,0.7423134150173071,-2.25065181800298,-1.115678347564864,0.0032147336796909953,-5.086451170528104
867,4.353182107550416,-1.2679658322158975,-0.6257668035490198,-3.085172638245435,-4.0836100197577165
868,0.9774815857271357,-2.1916669695317337,-1.7780046087328492,-0.9962558801853468,-4.59617423207341
869,8.143120761312064,1.9361067601445083,-2.145798472400751,-3.3312033921876365,-4.593533843215637
870,1.5302402790496146,-2.43760446310944,4.496233109837256,-6.634595881426543,-3.9917212310562795
871,4.592890145151226,4.565236410553183,-1.7397635106139624,-1.8335088124751477,-1.2776178686763047
872,2.0463379972740876,-2.0381706165373816,-3.8807160574783683,-0.15817135270353008,-3.544386849279647
873,2.4559557759489667,2.0463852405598315,3.3855134089038006,-7.6252172551437845,-0.9196695772249319
874,7.5173864852134145,5.695591606510149,2.1420642195515613,-7.980279611317148,-1.4420465392770754
875,8.313910547603406,2.1179858016327806,-1.9858528757471043,-4.43704774788489,-4.770037243354547
876,0.1869461522092296,-4.084985786611639,0.3899198582199381,-2.2900265957863377,-4.500277085783304
877,1.3702034596127144,-0.81540280228761,4.388142585135269,-7.730145044186174,-3.59201821832502
878,6.850874524523203,7.127484151145678,-2.66723683973711,-5.847001787307366,1.5499733509924787
879,8.164301195077869,2.351387433864146,-1.9440334844602978,-3.845168643966764,-3.9501193705951962
880,7.0841828289900235,4.811941251926266,-3.510287594424849,-3.278663675759797,-3.279443462830804
881,4.72506383529651,0.06974479182910909,1.8110805798092973,-6.657319565678158,-4.634457576845685
882,7.359989866870922,4.17957858897915,-5.672076764345386,-1.8662852674807668,-0.6347818815703692
883,1.2380095287712032,-0.3532895347591693,-3.7312592367236217,0.26640029667018855,-2.388513540414839
884,1.705961419926533,-0.2977380101146858,-3.0491040378652317,1.1003049692357316,-2.968477048200732
885,3.0306819072932787,0.6807859517814102,4.865126231849422,-8.435688985793831,-3.17591839401308
886,4.933750896263556,4.337591724655091,4.389988452962386,-7.914779307147497,-2.0863925371704024
887,8.470362572495391,3.6781870787560775,5.418017897863961,-10.833269663367386,-3.7141303797650482
888,7.204292825078633,5.439198884152295,2.9211161256110527,-9.379331350724538,-1.2515511312176657
889,0.8123507860700628,-1.1921318813785253,4.818536209885189,-6.952781258118417,-2.40106990882959
890,4.781948459546555,1.8877546302948824,4.98006393703127,-8.944792011030302,-2.4460724895423667
891,1.7230901642242629,-3.326386641284882,-1.7296197796196342,0.07153569868269566,-4.289197270579287
892,6.151010702047954,4.630701188434793,3.550491063279439,-6.679853881615786,-1.5917852984529433
893,1.995133701551514,-2.095338795001868,-1.1990877668738131,-0.5345292614688059,-4.174658396604982
894,2.081745136727884,-1.1632537953500692,5.459132336319272,-5.766188660444547,-2.8612378004987034
895,9.129574941528631,7.487734208417475,-1.9096455684902176,-4.8870283030847785,-0.8248688132992683
896,2.756358300088644,0.40423399664950765,-2.578568888345192,0.5594834151927697,-2.4498701488956587
897,3.9136642284056906,3.096013670611995,4.687577002582539,-7.254409961150822,-1.5188317630976322
898,7.6780730941442545,7.481342240282061,1.6053393939836038,-7.020684937431734,-1.3872063823761294
899,7.0219732882799555,7.979705449863656,2.890093819738414,-7.72989807426064,-1.1366631788437287
900,-0.9284287097396074,-3.8902877681854195,0.39965251209547825,-2.4070485960398025,-5.14171216688405
901,2.972078489588847,-1.1106555023228457,-2.504120017186878,-0.27326438780069334,-3.736130073009561
902,3.2081473119556065,0.03182638118716176,-1.752002828654319,-0.011652005604870027,-3.6791125897291455
903,8.665179203329036,1.1989410877630216,2.249364984299342,-7.950698149622916,-5.801045959956687
904,-0.20712523340018607,-3.1635156659724295,2.1873295382738047,-5.103510676013477,-5.289110807445487
905,1.9187232793156015,-0.9901123345808325,-1.9556596308945458,-0.18965370752901167,-3.5448384467819998
906,7.664602908601769,2.668832983392052,3.919744159736995,-9.926476469676023,-4.633734046308353
907,7.3624826520114235,7.425035741015253,-1.1860793150777056,-4.83611382534939,-1.6284390696582194
908,3.830384308639329,1.1900406920668822,5.1018024927554215,-8.866893857702008,-3.756884311372403
909,7.141223571347744,7.178043754445333,1.2183266799795913,-4.93720408999438,-0.9647261966885681
910,0.685050899379785,-3.820485734342782,-0.2418038541328681,-2.9589372806011873,-4.261909003071382
911,0.8198625210556099,0.1371229616446666,-1.9524318799446507,0.599501674024135,-1.7168516755161372
912,-0.02215181433851976,-4.071796800619765,2.1797742531714204,-4.137590255996253,-4.841556158167167
913,1.7842338797962327,1.5334000893564639,1.7289082245577903,-4.220472003350499,-0.9098295735539473
914,6.260164006727332,4.221416017661876,4.9671734900710955,-8.64812537012278,-2.610758599303629
915,2.39526317171406,-2.113913051270329,2.5737064713003646,-6.3675557382055015,-4.603687154264798
916,2.7374651883839647,2.5046261137412515,0.41419178390836764,-6.976147981863416,0.7912294001977892
917,2.5048129158195103,2.545930350153102,-2.7141788533869997,-2.2498072106144624,-1.202828741152849
918,3.8657286132358855,0.7069982909412192,-2.5724534225972766,-0.04627133976607109,-3.367876463309087
919,1.5625205458402442,1.5950156577572812,2.5343307731656406,-4.525792999910478,-1.9190779096954356
920,4.006560761965991,0.450480331296922,5.21606780979278,-7.960934720697661,-3.1602527183133375
921,5.162935251381273,5.306051603130181,3.8046807676019627,-8.686896486562564,-1.199580645791534
922,7.886745760851054,2.8653386225150896,-2.765024952947201,-2.5563005514409496,-2.3898243834834987
923,7.498898717511039,2.2138624661419564,3.4375182085979477,-9.279240689529548,-4.580432459821007
924,7.008782710507451,3.0361419235634983,0.7354084521889445,-9.064241972375388,-0.6278143491742435
925,0.5247928420473745,-3.850347566775396,-0.6533676740332955,-1.6800923938122425,-4.470441691616223
926,3.3647528704739234,3.859517410670569,1.6035720420976074,-6.188148732245189,-0.8279745765705266
927,2.6891349668973823,-0.5230582113609638,4.790595468144869,-7.80981466991002,-2.2811511703158187
928,3.0877786123863746,1.6283763085716758,-2.137421313274337,0.30728371549449096,-2.1568823540622786
929,8.768472785511602,8.419778803218453,1.4149351599724262,-6.492190643381054,-0.627841961872919
930,4.072717870844252,-1.36133886913896,-1.2120287758644057,-2.3903451200276122,-4.884998640163625
931,3.1668699830197773,0.7495881446868693,4.179485298134518,-7.528949806825659,-1.0204907819810387
932,5.521637559812637,3.421670548056677,5.041784269836986,-9.502648316669042,-3.053647720669511
933,1.2286094110638313,-2.9658720501607627,-0.22927529740286712,-0.9425571211920655,-4.8374220556189345
934,4.228958775145862,-0.11220795717373244,2.5149383729814194,-6.924695471777992,-4.439733436863508
935,1.0129538296806677,-3.442967376882907,2.5761642168391274,-5.359568048436287,-5.18083345997103
936,7.579731631575544,4.025239339272521,4.788602933339229,-10.301059210166484,-2.304009718731565
937,1.1127288639929722,1.6275545387332433,-2.3205721285820773,-0.6145062837565087,-2.0604913137265846
938,0.08207952596105605,1.3480625233492198,3.5317029929686026,-6.224619782032909,-2.4377454497662105
939,8.576087811889892,4.915933918163824,-2.3334265310818494,-3.134727738127453,-2.0764243335298924
940,3.0338377040393594,3.6843780405720565,3.7050882303247463,-6.429845643583906,-2.017381207733473
941,5.898795029771251,0.33004931505383706,-0.8580132195633606,-3.610700625603477,-5.142851896741329
942,1.4722387091473532,-0.1805836523679521,-3.369745278060237,0.701803441534149,-1.8457586283366045
943,8.108937099950433,6.59887237927255,2.1069261594535966,-7.679289037436193,-1.8821495711204632
944,0.8633446988836392,-3.0816044607330078,1.6736383858905608,-5.002506573109423,-3.878295086103749
945,6.490535204526948,0.4383149475942126,-0.05909619143008815,-3.805691391317839,-4.332207395058167
946,3.8371994766882604,-0.1493188972291652,1.1184912924144017,-5.709364688958496,-4.988614011826782
947,8.757342890208594,7.708459889735267,1.1953874805729188,-6.996620482895745,-1.1481807054394753
948,0.4180211275222938,1.3411715318947657,3.7930920762192653,-5.507374962206413,-0.48405059604021494
949,1.5263515047641323,2.0683214044343368,4.1875050029709096,-5.301845230836651,-0.9370835269106287
950,4.53819299514543,4.622564925174915,3.0996565679027226,-7.043404394246596,-0.6036433877649874
951,7.685341799910891,0.8409149715518169,2.2264420983910824,-7.465482307773361,-4.67736800450067
952,8.843317671025366,8.160517205242208,0.8533282249792706,-6.339671353374475,-1.0539176861821822
953,8.556616179198524,1.4076824663707284,0.9780216631505112,-5.978808806004692,-4.879195205406602
954,1.0817867174756883,-4.132171609783477,0.398585846076026,-2.8792736533637875,-5.098248333268309
955,7.145703544020363,1.2967746425786548,3.490180188502832,-9.111231536304047,-3.844831146895579
956,7.061975643537368,5.559827923686996,-3.2850385045033814,-2.8747203814004565,-1.7609561275775873
957,1.4235431269478027,-4.191118155668501,1.1877973097903667,-4.0044917302237195,-4.83336880217474
958,0.9608566020199555,2.1229650002552405,3.3944640850667085,-3.9595218860490586,-0.7276801779824736
959,4.352076122155527,-1.0831877879592768,-1.3094083513682913,-0.19645767085582588,-3.712426028622101
960,6.2274496407754585,4.4611241610798915,-1.887321785685513,-1.979449173757264,-1.2907154575242585
961,5.4540481997297405,4.624325595755229,0.5389631546605176,-5.349034944659008,-1.9034862592262087
962,5.856777591332299,3.944281279002974,5.200258433520927,-9.545648834374507,-1.852519258777495
963,8.801871802461363,3.423986579318366,4.3299573400776685,-10.404876017108792,-4.65729634195444
964,9.062754914443598,3.542525245469212,-3.5616372666122613,-3.0828082914626576,-3.7919469320773174
965,2.219310500667417,3.26328447074448,-0.4793060632840525,-3.59430005296609,0.9800378200298718
966,4.2209225289078285,-0.15157173301841476,-2.6908088020403325,-6.651894078720906,-1.1425682677972568
967,4.923691849255288,2.5117731155481833,-2.076261810297992,-1.1752726243827611,-2.4496794723904016
968,5.251298166641864,0.5394656465123477,1.9798872541662493,-7.611790659692638,-4.93317514981776
969,7.363692798435223,2.8971574711686863,-0.6810711941804553,-5.393544141095364,-4.587886544246773
970,3.3168874504946055,-1.3464423246655306,0.635721606382704,-3.7135647344740605,-4.420260500768615
971,3.7513612265413983,-0.8274027613275664,-1.0158797499869143,-2.5029552893659206,-5.021167565446544
972,6.108416433585273,1.619745263531986,1.2955596080195981,-7.279914275504358,-4.419684732782472
973,8.82304406381005,8.952469490884342,1.4434710950806615,-6.533219717052305,-1.4609213197066353
974,9.110721542294485,8.077146313312523,1.6169997579464748,-7.700271397405976,-1.2347136942271655
975,3.8080695708610577,-1.771434902183466,1.1654540625098226,-4.085206536730406,-5.405477395485572
976,8.529405075651248,4.761197644065522,3.9910225716901535,-10.45451828273803,-2.3878824872926687
977,2.584536759808854,0.5694134383200096,-2.7934836041853264,-0.44822556250707224,-2.298994642765226
978,0.7632501966076384,0.21750543322742766,-2.2122853714082553,0.8683357708203855,-4.054252255832104
979,7.224948890580313,4.074442052822415,4.916101295253094,-10.511803617334428,-3.1580017105779685
980,3.085712594024392,1.241639809888889,-3.2379004608756383,-0.6712128627189056,-2.9132829383883485
981,-0.5417694425248747,-3.2058447623070307,1.812762003962181,-3.238675240253192,-5.217873255292328
982,6.131948284326722,2.7232505691756654,-1.63268156894399,-2.8379494480405265,-3.381091578593828
983,0.6609931128834057,0.49366174390180356,-2.990072373544101,-0.8463043189068056,-2.172797032225171
984,4.873510849555999,-0.029368915530789463,2.8872818798885866,-5.997472264619988,-4.569506861741944
985,1.1999005657345811,2.3254404525213954,-2.2371079910382656,-1.4415122423213687,-1.5850850148006383
986,9.079948585919599,5.99798392627177,-1.2955656850562254,-3.0416357659624507,-1.4891361495379876
987,6.98851979693342,1.1838834945180885,-0.4147561005159952,-4.70309938738012,-4.788010219079481
988,8.459891073351333,1.9342117525462,1.3814673892571085,-6.113874758459755,-4.772691372566396
989,2.028455755930044,-1.6650612343012583,2.800113022884349,-5.560449270640173,-4.667298780973107
990,1.0569652445169777,-3.5560152026243355,3.397649956075026,-5.780425294722007,-4.480012876251561
991,8.336239397392408,3.9004258945491705,-1.8311084967521583,-3.364939188302348,-4.216160824317038
992,1.2948094227641358,-3.4390198861460726,3.07680008656572,-4.556073188272385,-5.234988015191936
993,7.89135994884875,6.609190185555041,0.39612218155179196,-7.126409284667305,0.03446491372288807
994,6.173073654937545,4.129718071578357,3.719256138749179,-9.372026029833943,-2.3509355942693575
995,2.655848268047099,-2.4325356319051337,4.11408259928535,-7.312949099595019,-3.3779462283865698
996,0.8807197591170979,-0.22264365343225312,5.383968069049374,-6.9623152374158765,-3.1308447191317113
997,8.526359502795401,4.451411271534344,5.1576422434660385,-10.885957142795101,-3.229942872302187
998,7.994688945039765,4.21609019584037,4.899725818301436,-10.223496659260501,-4.448698749239226
999,6.678229904233763,0.30221986991154476,-0.4307008942111673,-3.6398341925981605,-5.506567590066242
